t_s,I_A,V_V,SOC_true,SOC_ekf
0.0,5.0,4.037713830274322,1.0,0.9124857579153915
10.0,5.0,3.999080846415964,0.9972222222222222,0.9033297052249984
20.0,5.0,3.9779587399044356,0.9944444444444445,0.8922686073967266
30.0,5.0,3.9646772971336013,0.9916666666666667,0.8774047089168373
40.0,5.0,3.955790747790221,0.9888888888888889,0.863038318642291
50.0,5.0,3.9497003361253906,0.986111111111111,0.8494665214674739
60.0,5.0,3.9454222326499764,0.9833333333333333,0.8368019293535777
70.0,5.0,3.942399214135464,0.9805555555555555,0.8146277499490668
80.0,5.0,3.9401617768989157,0.9777777777777777,0.7992157063975633
90.0,5.0,3.938386702190214,0.975,0.7879406426366581
100.0,5.0,3.9369033891117833,0.9722222222222222,0.77852114890188
110.0,5.0,3.935568800718907,0.9694444444444444,0.7716042000705426
120.0,5.0,3.9343441390731737,0.9666666666666667,0.7663583450545327
130.0,5.0,3.933150095763658,0.9638888888888889,0.7622778074282884
140.0,5.0,3.931952947973491,0.961111111111111,0.7590380496793163
150.0,5.0,3.930716067439268,0.9583333333333333,0.7564194594171388
160.0,5.0,3.9294112582662795,0.9555555555555555,0.7542674325757168
170.0,5.0,3.9280124318836744,0.9527777777777777,0.7524691360457891
180.0,5.0,3.926487632411286,0.95,0.7509389747501304
190.0,5.0,3.9248415363172646,0.9472222222222222,0.7496126933019012
200.0,5.0,3.9230655339602807,0.9444444444444444,0.7484401303414006
210.0,5.0,3.921110019721648,0.9416666666666667,0.7473784499550706
220.0,5.0,3.919072566202694,0.9388888888888889,0.7463997344546159
230.0,5.0,3.916916930669055,0.9361111111111111,0.7455825335865777
240.0,5.0,3.914556469056814,0.9333333333333332,0.7447777497645488
250.0,5.0,3.912123412814324,0.9305555555555555,0.7439747679148253
260.0,5.0,3.9095918634821403,0.9277777777777777,0.743163026623114
270.0,5.0,3.906961931658755,0.9249999999999999,0.7423333759740327
280.0,5.0,3.9042532986178844,0.9222222222222222,0.7414788720579835
290.0,5.0,3.9014750636796744,0.9194444444444444,0.7405938780700176
300.0,5.0,3.8986346068091615,0.9166666666666666,0.7396737783888954
310.0,5.0,3.8957473593526672,0.9138888888888889,0.738715242470662
320.0,5.0,3.892821916399248,0.911111111111111,0.7377157218257314
330.0,5.0,3.889866125368533,0.9083333333333332,0.7366733200587346
340.0,5.0,3.8868855702343152,0.9055555555555554,0.7355866113616764
350.0,5.0,3.8838903690133453,0.9027777777777777,0.7344548093542344
360.0,5.0,3.8808879167601895,0.8999999999999999,0.7332775788198488
370.0,5.0,3.8778856779635333,0.8972222222222221,0.7320550008696906
380.0,5.0,3.8748920621056433,0.8944444444444444,0.730787584396225
390.0,5.0,3.8719040149642563,0.8916666666666666,0.729475711001755
400.0,5.0,3.868924247473113,0.8888888888888888,0.7281199107134136
410.0,5.0,3.8659593297408605,0.8861111111111111,0.7267210275889421
420.0,5.0,3.863023490114995,0.8833333333333332,0.7252805415029774
430.0,5.0,3.8601224089861894,0.8805555555555554,0.7238001493295034
440.0,5.0,3.857262068492054,0.8777777777777777,0.7222817681349009
450.0,5.0,3.8544158020871278,0.8749999999999999,0.7207261002664226
460.0,5.0,3.8515936783212066,0.8722222222222221,0.7191343072418923
470.0,5.0,3.84879614171137,0.8694444444444444,0.7175075670719019
480.0,5.0,3.8460335489181947,0.8666666666666666,0.7158474997884443
490.0,5.0,3.843300703036723,0.8638888888888887,0.7141554784282939
500.0,5.0,3.8405998085631037,0.8611111111111109,0.7124329587401275
510.0,5.0,3.8379392170587874,0.8583333333333332,0.7106817353095652
520.0,5.0,3.8353142303437178,0.8555555555555554,0.7089033732387915
530.0,5.0,3.8327234132576113,0.8527777777777776,0.7070993576341319
540.0,5.0,3.8301640922971245,0.8499999999999999,0.705271045591147
550.0,5.0,3.8276379708666015,0.8472222222222221,0.7034198548254831
560.0,5.0,3.8251430424818023,0.8444444444444443,0.7015471053765858
570.0,5.0,3.8226774637046246,0.8416666666666666,0.6996540301627994
580.0,5.0,3.8202426757950265,0.8388888888888888,0.6977419140372294
590.0,5.0,3.8178352054145566,0.836111111111111,0.6958118870018184
600.0,5.0,3.8154519828761027,0.8333333333333333,0.692840983892503
610.0,5.0,3.8130927752996473,0.8305555555555554,0.6900322531286869
620.0,5.0,3.8107560751369842,0.8277777777777776,0.6873641133500329
630.0,5.0,3.808440374839903,0.8249999999999998,0.6848181861576571
640.0,5.0,3.8061441668601974,0.8222222222222221,0.6823787303097983
650.0,5.0,3.803857508728379,0.8194444444444443,0.6800318021538481
660.0,5.0,3.8015811906406927,0.8166666666666665,0.6777654242218284
670.0,5.0,3.7993137060665294,0.8138888888888887,0.6755691740686791
680.0,5.0,3.79705262657472,0.8111111111111109,0.6734339020273553
690.0,5.0,3.7947955237340985,0.8083333333333331,0.6713515367913027
700.0,5.0,3.792539203070101,0.8055555555555554,0.6693148910433254
710.0,5.0,3.790281173688065,0.8027777777777776,0.667317560831139
720.0,5.0,3.7880191579192237,0.7999999999999998,0.6653538225053681
730.0,5.0,3.785750631413026,0.797222222222222,0.6634185269143702
740.0,5.0,3.783473391430735,0.7944444444444443,0.661507033222049
750.0,5.0,3.781193536738047,0.7916666666666665,0.6596154914516122
760.0,5.0,3.7789048043548075,0.7888888888888888,0.657740239233924
770.0,5.0,3.7766055561733007,0.786111111111111,0.655877958656102
780.0,5.0,3.774294154085811,0.7833333333333332,0.6540256321134104
790.0,5.0,3.771972048787522,0.7805555555555554,0.652180632546267
800.0,5.0,3.7696428358119456,0.7777777777777777,0.6503407713732586
810.0,5.0,3.767302395291998,0.7749999999999999,0.6485039388435927
820.0,5.0,3.764950055017696,0.7722222222222221,0.6466682283048215
830.0,5.0,3.762585142779057,0.7694444444444443,0.6454566727492563
840.0,5.0,3.7602070977374575,0.7666666666666666,0.6441648600942975
850.0,5.0,3.757815255757341,0.7638888888888887,0.6427967485244812
860.0,5.0,3.7554089321925033,0.761111111111111,0.6413561163717416
870.0,5.0,3.7529874715745066,0.7583333333333332,0.6398465576953406
880.0,5.0,3.7505517206852614,0.7555555555555554,0.6382715345920038
890.0,5.0,3.748102208826329,0.7527777777777777,0.6366343637710075
900.0,5.0,3.745637774774284,0.7499999999999999,0.634938153422572
910.0,5.0,3.7431581332696826,0.7472222222222221,0.633185838266553
920.0,5.0,3.7406630102084013,0.7444444444444444,0.6313801829280248
930.0,5.0,3.73815214442516,0.7416666666666666,0.629523786332489
940.0,5.0,3.7356252415349775,0.7388888888888888,0.6276190850944876
950.0,5.0,3.733082020987734,0.736111111111111,0.6256683593106488
960.0,5.0,3.730521791453703,0.7333333333333333,0.6236737225170225
970.0,5.0,3.727941586753544,0.7305555555555555,0.6216370406203128
980.0,5.0,3.725342115023403,0.7277777777777777,0.6195600823233486
990.0,5.0,3.722722702315611,0.725,0.6174444711260136
1000.0,5.0,3.720082674682499,0.7222222222222221,0.6152916921211598
1010.0,5.0,3.7174234917538698,0.7194444444444443,0.6131031816781018
1020.0,5.0,3.714743777329316,0.7166666666666666,0.61088022135228
1030.0,5.0,3.7120430944289233,0.7138888888888888,0.6086239818770337
1040.0,5.0,3.7093210395714644,0.711111111111111,0.606335530599878
1050.0,5.0,3.706574912010205,0.7083333333333333,0.6040157473899646
1060.0,5.0,3.703804263321063,0.7055555555555555,0.601665421465427
1070.0,5.0,3.701008744420325,0.7027777777777777,0.5992852607916522
1080.0,5.0,3.698187569164475,0.7,0.5968758800088086
1090.0,5.0,3.695341710858415,0.6972222222222222,0.5950499920380252
1100.0,5.0,3.692471410899839,0.6944444444444443,0.5931328512702484
1110.0,5.0,3.689575466519004,0.6916666666666665,0.5911279221300688
1120.0,5.0,3.686653501023011,0.6888888888888888,0.5890385446792619
1130.0,5.0,3.683704766164296,0.686111111111111,0.5868679149994842
1140.0,5.0,3.6807282675067485,0.6833333333333332,0.5846190717623222
1150.0,5.0,3.6777238646115444,0.6805555555555555,0.5822949244948125
1160.0,5.0,3.674691046303936,0.6777777777777777,0.5798982383623528
1170.0,5.0,3.671630695611679,0.6749999999999998,0.5774316852544358
1180.0,5.0,3.66854868581418,0.672222222222222,0.5748980292497958
1190.0,5.0,3.665442138453023,0.6694444444444443,0.5722997988655166
1200.0,5.0,3.66231154259661,0.6666666666666665,0.5696394160641413
1210.0,5.0,3.659157565479349,0.6638888888888888,0.5669192049983166
1220.0,5.0,3.6559883667609894,0.661111111111111,0.564141677801399
1230.0,5.0,3.652801661219803,0.6583333333333332,0.5613091361567625
1240.0,5.0,3.6495989099473958,0.6555555555555554,0.5584238186382767
1250.0,5.0,3.646381574035372,0.6527777777777777,0.5554879032089334
1260.0,5.0,3.6431644398136775,0.6499999999999999,0.5525040210707218
1270.0,5.0,3.639950631186328,0.6472222222222221,0.5494748003646436
1280.0,5.0,3.636744608510012,0.6444444444444443,0.5464029188148359
1290.0,5.0,3.6335531029596972,0.6416666666666665,0.5426819127516149
1300.0,5.0,3.6303773357117217,0.6388888888888887,0.5390023650810439
1310.0,5.0,3.6272212644484974,0.636111111111111,0.535361068492528
1320.0,5.0,3.624092685995868,0.6333333333333332,0.5317554772845607
1330.0,5.0,3.6209974866486556,0.6305555555555554,0.528183575714711
1340.0,5.0,3.617930633943378,0.6277777777777777,0.5246433793869892
1350.0,5.0,3.6148972488095934,0.6249999999999998,0.521133345235579
1360.0,5.0,3.6119006842036763,0.622222222222222,0.5176522645626055
1370.0,5.0,3.6089426752740845,0.6194444444444442,0.5141991695401632
1380.0,5.0,3.6060210724751967,0.6166666666666665,0.5107731519541264
1390.0,5.0,3.6031374824783358,0.6138888888888887,0.5073735074408973
1400.0,5.0,3.6002915122707644,0.6111111111111109,0.5039996361678039
1410.0,5.0,3.597484252324234,0.6083333333333332,0.50065109228734
1420.0,5.0,3.5947202818858,0.6055555555555554,0.49732771390620717
1430.0,5.0,3.591997688326528,0.6027777777777775,0.4940293387975794
1440.0,5.0,3.589316766287907,0.5999999999999999,0.49101040967998444
1450.0,5.0,3.5866744394803267,0.597222222222222,0.4879825512321888
1460.0,5.0,3.584067058607994,0.5944444444444442,0.4849481097858371
1470.0,5.0,3.581493768128569,0.5916666666666665,0.4819092795878896
1480.0,5.0,3.578951730588948,0.5888888888888887,0.4788680312518529
1490.0,5.0,3.5764494154675663,0.5861111111111108,0.4758265662408113
1500.0,5.0,3.573986878517686,0.583333333333333,0.4727869798408358
1510.0,5.0,3.5715633028574656,0.5805555555555553,0.4697512317394186
1520.0,5.0,3.5691797267387417,0.5777777777777774,0.46672122535262106
1530.0,5.0,3.5668225898820687,0.5749999999999996,0.4636982333160047
1540.0,5.0,3.5644970060188808,0.5722222222222219,0.460683658991918
1550.0,5.0,3.5622017180721595,0.5694444444444441,0.45767878145455265
1560.0,5.0,3.5599366967528345,0.5666666666666662,0.4546848098329566
1570.0,5.0,3.5577054370344356,0.5638888888888884,0.4517030271165387
1580.0,5.0,3.555505275025705,0.5611111111111107,0.44873454447082606
1590.0,5.0,3.5533358630868963,0.5583333333333329,0.4457804003346742
1600.0,5.0,3.5511939614355583,0.5555555555555551,0.4436742770053481
1610.0,5.0,3.5490756398570333,0.5527777777777774,0.44150001813439615
1620.0,5.0,3.546981547546545,0.5499999999999996,0.43926236026188636
1630.0,5.0,3.5449102950115137,0.5472222222222218,0.4369658599615012
1640.0,5.0,3.5428640674354384,0.544444444444444,0.4346150120265924
1650.0,5.0,3.540842490138494,0.5416666666666662,0.43221415349386955
1660.0,5.0,3.538844015965936,0.5388888888888884,0.42976741742762103
1670.0,5.0,3.536868063084964,0.5361111111111106,0.4272787647833494
1680.0,5.0,3.53490692760928,0.5333333333333328,0.4247517248347625
1690.0,5.0,3.53296154573357,0.530555555555555,0.422189710597871
1700.0,5.0,3.5310304894900097,0.5277777777777772,0.4195959332104335
1710.0,5.0,3.5291130298966733,0.5249999999999994,0.416973429874194
1720.0,5.0,3.527213818240412,0.5222222222222216,0.41432526606388687
1730.0,5.0,3.5253292504849636,0.5194444444444438,0.41165422974039845
1740.0,5.0,3.523458718107574,0.516666666666666,0.40896294798735133
1750.0,5.0,3.521598029275208,0.5138888888888882,0.40625375646399414
1760.0,5.0,3.5197426523243696,0.5111111111111104,0.4035286926271033
1770.0,5.0,3.517896783968701,0.5083333333333326,0.4007898330379343
1780.0,5.0,3.5160604242082014,0.5055555555555549,0.39803913649988476
1790.0,5.0,3.514228490053795,0.5027777777777771,0.39527825497978214
1800.0,5.0,3.5124001612193076,0.49999999999999933,0.3927150608675075
1810.0,5.0,3.5105777026864464,0.49722222222222157,0.3901252249281027
1820.0,5.0,3.5087611144552104,0.4944444444444438,0.3875110943867657
1830.0,5.0,3.5069463046666156,0.4916666666666659,0.38487474515867554
1840.0,5.0,3.505134814520024,0.48888888888888815,0.3822181980091474
1850.0,5.0,3.503327150217337,0.4861111111111104,0.3795433827882275
1860.0,5.0,3.5015226439151306,0.4833333333333325,0.37685209768933875
1870.0,5.0,3.49971343448195,0.48055555555555474,0.3741457406923752
1880.0,5.0,3.497904340184568,0.47777777777777697,0.37142580018526145
1890.0,5.0,3.4960953610229817,0.4749999999999992,0.3686936726640964
1900.0,5.0,3.494285874955496,0.4722222222222213,0.36595064300128244
1910.0,5.0,3.4924741710862257,0.46944444444444355,0.3631978470752147
1920.0,5.0,3.4906607515824035,0.4666666666666658,0.3604363620806866
1930.0,5.0,3.4888452569875072,0.463888888888888,0.3576671768819184
1940.0,5.0,3.4870259356101414,0.46111111111111014,0.35489114223676094
1950.0,5.0,3.4852011891407675,0.45833333333333237,0.3521089817530886
1960.0,5.0,3.4833709867672846,0.4555555555555546,0.34932135762513195
1970.0,5.0,3.4815345364527417,0.45277777777777684,0.34652884453982696
1980.0,5.0,3.4796934083850903,0.44999999999999907,0.34254233257491085
1990.0,5.0,3.4778470813615727,0.4472222222222213,0.3387118646045209
2000.0,5.0,3.4759947884483102,0.44444444444444353,0.3350228495258632
2010.0,5.0,3.4741362184608695,0.44166666666666565,0.33146223312391515
2020.0,5.0,3.4722713294478624,0.4388888888888879,0.3280183137147248
2030.0,5.0,3.4703997273950056,0.4361111111111101,0.32468055828171977
2040.0,5.0,3.4685211393291704,0.43333333333333235,0.3214394655779419
2050.0,5.0,3.4666351439694436,0.43055555555555447,0.3182864371611527
2060.0,5.0,3.4647408338303802,0.4277777777777767,0.3152136510619278
2070.0,5.0,3.46283812408934,0.42499999999999893,0.3122140084859671
2080.0,5.0,3.460926623096311,0.42222222222222117,0.30928104077215457
2090.0,5.0,3.4590064749013942,0.4194444444444433,0.3064088640077581
2100.0,5.0,3.4570780109965353,0.4166666666666655,0.30359212587049367
2110.0,5.0,3.4551406366608703,0.41388888888888775,0.3008259118754967
2120.0,5.0,3.4531941617179784,0.41111111111111,0.29810571727710294
2130.0,5.0,3.451237783362605,0.4083333333333321,0.2954273801845062
2140.0,5.0,3.4492711060919596,0.40555555555555434,0.29192557734403785
2150.0,5.0,3.4472939768349304,0.40277777777777657,0.28860839955154577
2160.0,5.0,3.4453060626549474,0.3999999999999988,0.2854536305983929
2170.0,5.0,3.443307350456691,0.39722222222222103,0.2824420064463844
2180.0,5.0,3.4412974485901624,0.39444444444444327,0.2795567288901623
2190.0,5.0,3.4392760589497398,0.3916666666666655,0.2767830899461126
2200.0,5.0,3.437242896666813,0.3888888888888876,0.2741081606699315
2210.0,5.0,3.4351976521729144,0.38611111111110985,0.27152053272202153
2220.0,5.0,3.4331400529712557,0.3833333333333321,0.26901010641942374
2230.0,5.0,3.431069813203429,0.3805555555555543,0.26656791159540744
2240.0,5.0,3.4289863497830755,0.37777777777777644,0.2641859446820885
2250.0,5.0,3.4268887813189863,0.37499999999999867,0.2618570301063406
2260.0,5.0,3.424776994324098,0.3722222222222209,0.259574747596867
2270.0,5.0,3.4226505632731707,0.36944444444444313,0.2573333263805227
2280.0,5.0,3.420509351494559,0.36666666666666525,0.25512757916692363
2290.0,5.0,3.4183531106691234,0.3638888888888875,0.25295282925868884
2300.0,5.0,3.416181372188367,0.3611111111111097,0.25080484267856057
2310.0,5.0,3.41399378904023,0.35833333333333195,0.24867978302393984
2320.0,5.0,3.411788847988565,0.35555555555555407,0.2465741186963278
2330.0,5.0,3.409566235999156,0.3527777777777763,0.24509499829415718
2340.0,5.0,3.4073255387962194,0.34999999999999853,0.2435531851514691
2350.0,5.0,3.405066230150279,0.34722222222222077,0.2419515389740224
2360.0,5.0,3.402788343096225,0.344444444444443,0.2402927795340142
2370.0,5.0,3.4004911401059084,0.34166666666666523,0.23857945919571738
2380.0,5.0,3.3981741536693875,0.33888888888888746,0.23681397558039582
2390.0,5.0,3.3958365106751387,0.3361111111111096,0.23499855954457755
2400.0,5.0,3.393476523690353,0.3333333333333318,0.23313524852306228
2410.0,5.0,3.3910940842633224,0.33055555555555405,0.23122595177135719
2420.0,5.0,3.388688475362665,0.3277777777777763,0.22927243181511758
2430.0,5.0,3.3862601818714886,0.3249999999999984,0.22727635579113578
2440.0,5.0,3.3838096601700416,0.32222222222222063,0.22523929894353809
2450.0,5.0,3.381335877038292,0.31944444444444287,0.22316269191232338
2460.0,5.0,3.3788385035953707,0.3166666666666651,0.22104785390476375
2470.0,5.0,3.3763158168770246,0.3138888888888872,0.21889594408946864
2480.0,5.0,3.373767267992833,0.31111111111110945,0.21670801382491137
2490.0,5.0,3.371192532793107,0.3083333333333317,0.2144850208802314
2500.0,5.0,3.3685909916052723,0.3055555555555539,0.2122278230234019
2510.0,5.0,3.3659724337323262,0.30277777777777604,0.20993758991347916
2520.0,5.0,3.3633332475139994,0.29999999999999827,0.207615272478443
2530.0,5.0,3.3606743104983527,0.2972222222222205,0.20526178718745386
2540.0,5.0,3.3579958606509113,0.29444444444444273,0.2028779940766312
2550.0,5.0,3.3552952182028566,0.29166666666666496,0.20046458570460055
2560.0,5.0,3.3525738265352327,0.2888888888888872,0.1980222564449872
2570.0,5.0,3.3498316856480406,0.28611111111110943,0.1955516474523226
2580.0,5.0,3.347083397590592,0.28333333333333155,0.19324161487323643
2590.0,5.0,3.3443249979741623,0.2805555555555538,0.1908840466612863
2600.0,5.0,3.3415541903561645,0.277777777777776,0.18848103324076806
2610.0,5.0,3.338784938461205,0.27499999999999825,0.18603508809247737
2620.0,5.0,3.336015685625526,0.2722222222222205,0.18354854205697532
2630.0,5.0,3.33324343602357,0.2694444444444427,0.18102349296386544
2640.0,5.0,3.3304738389691653,0.26666666666666494,0.17846214744359792
2650.0,5.0,3.327707006177258,0.26388888888888706,0.1758666048791418
2660.0,5.0,3.324941329033912,0.2611111111111093,0.17323879461179825
2670.0,5.0,3.3221915027240163,0.2583333333333315,0.17058111777858823
2680.0,5.0,3.3194512673143795,0.25555555555555376,0.1678956177943193
2690.0,5.0,3.316720156255867,0.252777777777776,0.16518421795376112
2700.0,5.0,3.3139974890334605,0.24999999999999822,0.16244871783046552
2710.0,5.0,3.311283629077007,0.24722222222222046,0.15969083924641253
2720.0,5.0,3.3085802613114987,0.2444444444444427,0.15691228202023583
2730.0,5.0,3.3058891909362087,0.24166666666666492,0.15411473088247246
2740.0,5.0,3.3032091310000897,0.23888888888888715,0.15129973547685518
2750.0,5.0,3.3005328194654844,0.23611111111110938,0.14846847988893955
2760.0,5.0,3.29785623129811,0.2333333333333315,0.1456219228891429
2770.0,5.0,3.2951782301888985,0.23055555555555374,0.1368391778597679
2780.0,5.0,3.2925004395795394,0.22777777777777597,0.1305411873484609
2790.0,5.0,3.2898199204532546,0.2249999999999982,0.1258056232220689
2800.0,5.0,3.2871341852936036,0.22222222222222043,0.12210878625797243
2810.0,5.0,3.2844374015112283,0.21944444444444267,0.11913064731975158
2820.0,5.0,3.2817281513925196,0.2166666666666649,0.11666451444118417
2830.0,5.0,3.279000956701682,0.21388888888888713,0.11457064421155543
2840.0,5.0,3.276248446153505,0.21111111111110936,0.1127509700990781
2850.0,5.0,3.2734677154743714,0.2083333333333316,0.1111347645331317
2860.0,5.0,3.2706598910288687,0.20555555555555372,0.10966995114867081
2870.0,5.0,3.2678234803820385,0.20277777777777595,0.10831734965913518
2880.0,5.0,3.2649548325514655,0.19999999999999818,0.10704691520097767
2890.0,5.0,3.262035435027185,0.1972222222222204,0.1058346435884574
2900.0,5.0,3.259073738625195,0.19444444444444264,0.10466210331357542
2910.0,5.0,3.2560668302794094,0.19166666666666488,0.10351466395696222
2920.0,5.0,3.253001923913036,0.1888888888888871,0.10238020858659339
2930.0,5.0,3.249885899804016,0.18611111111110934,0.10124933928083858
2940.0,5.0,3.246702239278432,0.18333333333333157,0.10011388186627174
2950.0,5.0,3.243450389355945,0.1805555555555538,0.09896722018978893
2960.0,5.0,3.24012729120569,0.17777777777777604,0.09780388826330642
2970.0,5.0,3.236712022715216,0.17499999999999838,0.09661862439236227
2980.0,5.0,3.233215234934446,0.1722222222222205,0.09377087336566928
2990.0,5.0,3.2296093040894442,0.16944444444444273,0.09174820482146527
3000.0,5.0,3.225896674396915,0.16666666666666496,0.09021047089982795
3010.0,5.0,3.2220585302255658,0.1638888888888872,0.08896457793977833
3020.0,5.0,3.2180792159278,0.16111111111110943,0.087892667740807
3030.0,5.0,3.213952102565167,0.15833333333333166,0.08691917915483491
3040.0,5.0,3.209638279601809,0.15555555555555378,0.08599248081820393
3050.0,5.0,3.2051382927938485,0.15277777777777612,0.08507738560479876
3060.0,5.0,3.2004073238408925,0.14999999999999825,0.084147735427076
3070.0,5.0,3.195429832289777,0.1472222222222206,0.08318441302779098
3080.0,5.0,3.1901707118656217,0.1444444444444427,0.08217237513603334
3090.0,5.0,3.1845898690859546,0.14166666666666505,0.08109911096921665
3100.0,5.0,3.178667520403353,0.13888888888888717,0.07995454147043735
3110.0,5.0,3.172353696679391,0.13611111111110952,0.07872913388584434
3120.0,5.0,3.165647321975781,0.13333333333333164,0.07741543237860037
3130.0,5.0,3.1585229584710444,0.13055555555555376,0.07600663162407645
3140.0,5.0,3.1509603038528544,0.1277777777777761,0.0744965334667643
3150.0,5.0,3.142982412479705,0.12499999999999822,0.07288100871919652
3160.0,5.0,3.134611244398103,0.12222222222222034,0.07115759333360806
3170.0,5.0,3.1258869771060613,0.11944444444444247,0.06932589998846825
3180.0,5.0,3.1168424532259884,0.1166666666666647,0.0673870173743995
3190.0,5.0,3.1075525882874406,0.11388888888888693,0.06534488650384648
3200.0,5.0,3.0980590645164705,0.11111111111110916,0.06320463437102058
3210.0,5.0,3.088417352415207,0.10833333333333128,0.06097292499200596
3220.0,5.0,3.078684126030036,0.1055555555555534,0.05865778998512189
3230.0,5.0,3.068912326404263,0.10277777777777575,0.05626829673661187
3240.0,5.0,3.0591360157029572,0.09999999999999787,0.0538136849199716
3250.0,5.0,3.0493823508775075,0.09722222222221999,0.05130307298483325
3260.0,5.0,3.0396641831502595,0.09444444444444211,0.04874492195432486
3270.0,5.0,3.0299858220662728,0.09166666666666445,0.04614678922366348
3280.0,5.0,3.0203405187418353,0.08888888888888657,0.04124141488480339
3290.0,5.0,3.0107227924113547,0.0861111111111088,0.03888016740957506
3300.0,5.0,3.0011049645120105,0.08333333333333093,0.0373561361168546
3310.0,5.0,2.9914472973499495,0.08055555555555305,0.03614054097049969
3320.0,5.0,2.9816882983743582,0.07777777777777539,0.035023319840377994
3330.0,5.0,2.971778947810294,0.07499999999999751,0.03391212066437258
3340.0,5.0,2.9616673068122914,0.07222222222221963,0.03276529236743202
3350.0,5.0,2.951317480802553,0.06944444444444176,0.031565112606917654
3360.0,5.0,2.9406332667579864,0.0666666666666641,0.030302847064642334
3370.0,5.0,2.929535502217733,0.06388888888888622,0.028973610862280015
3380.0,5.0,2.9179296748722443,0.06111111111110845,0.027572933662714308
3390.0,5.0,2.905728035721536,0.05833333333333057,0.02609581070622479
3400.0,5.0,2.8928380491539754,0.055555555555552916,0.024536048949486133
3410.0,5.0,2.8791656342568546,0.05277777777777504,0.02288615769110672
3420.0,5.0,2.864618469855066,0.04999999999999738,0.021137535039962473
3430.0,5.0,2.849042277123073,0.0472222222222195,0.019278443294446605
3440.0,5.0,2.832323260024267,0.044444444444441844,0.017296161911633162
3450.0,5.0,2.814341686140769,0.041666666666663965,0.015176987342150828
3460.0,5.0,2.794902978175064,0.03888888888888631,0.012903814957114748
3470.0,5.0,2.773894975610091,0.03611111111110843,0.010459893127525668
3480.0,5.0,2.751112003218685,0.03333333333333077,0.007825424236646297
3490.0,5.0,2.726389425103257,0.030555555555553005,0.0049797759955310045
3500.0,5.0,2.6995244918832824,0.027777777777775348,0.001900342645565112
3510.0,5.0,2.670255188098494,0.02499999999999747,0.0
3520.0,5.0,2.6383962176340257,0.022222222222219812,0.0
3530.0,5.0,2.6036076060445783,0.019444444444441933,0.0
3540.0,5.0,2.5656773245742617,0.016666666666664276,0.0
3550.0,5.0,2.5241980308334098,0.013888888888886619,0.0
3555.4499607912735,5.0,2.4999999999998916,0.012375010891310545,0.0
