序号,统一档位,投递顺序,单位路线,地域大类,省份/区域,城市/地点,公司/单位,岗位方向,薪资/福利,投递入口/渠道,单位属性,原始档位,操作建议,备注
1,A档·冲刺线,1,市场化私企,南方重点,广东,惠州,亿纬锂能,BMS/控制算法,18-28万,wecruit.hotjob.cn,市场化/上市民企,A档·冲一冲,头部/高薪/强匹配，先打磨简历和项目表述后重点冲刺。,
2,A档·冲刺线,1,市场化私企,南方重点,广东,深圳,欣旺达动力,BMS/域控,18-28万,sunwoda.com,市场化/上市民企,A档·冲一冲,头部/高薪/强匹配，先打磨简历和项目表述后重点冲刺。,
3,A档·冲刺线,1,市场化私企,南方重点,广东,深圳,比亚迪 (BYD),BMS/电控算法,20-30万,job.byd.com,市场化/上市民企,A档·冲一冲,头部/高薪/强匹配，先打磨简历和项目表述后重点冲刺。,
4,A档·冲刺线,1,市场化私企,中南/华东备选,安徽,合肥,阳光电源,储能EMS/控制,20-35万,sungrowpower.zhiye.com,市场化/上市民企,A档·冲一冲,头部/高薪/强匹配，先打磨简历和项目表述后重点冲刺。,
5,A档·冲刺线,1,市场化私企,全国/待核验,其他/待核验,储能方向,生产一致性工程师,特斯拉上海,,,外企/跨国,待分类,高薪/平台强/技术匹配，作为冲刺池处理。,
6,A档·冲刺线,1,市场化私企,全国/待核验,待补充,,E-Next 储能岗位 | 厦门,ABB,,,外企/跨国,待分类,高薪/平台强/技术匹配，作为冲刺池处理。,
7,A档·冲刺线,1,市场化私企,全国/待核验,待补充,,EMS算法/储能系统（校招专场） | 厦门,宁德时代新能安,,,市场化/上市民企,待分类,高薪/平台强/技术匹配，作为冲刺池处理。,
8,A档·冲刺线,1,市场化私企,全国/待核验,待补充,,R&D电气工程师 | 上海,日立能源,,,外企/跨国,待分类,高薪/平台强/技术匹配，作为冲刺池处理。,
9,A档·冲刺线,1,市场化私企,全国/待核验,待补充,,储能解决方案工程师 | 杭州,宁德时代杭州,,,市场化/上市民企,待分类,高薪/平台强/技术匹配，作为冲刺池处理。,
10,A档·冲刺线,1,市场化私企,全国/待核验,待补充,,星熠培训生 | 全国,施耐德电气,,,外企/跨国,待分类,高薪/平台强/技术匹配，作为冲刺池处理。,
11,A档·冲刺线,1,市场化私企,全国/待核验,待补充,,星熠培训生 | 全国 | 10k+/月,施耐德电气,,,外企/跨国,待分类,高薪/平台强/技术匹配，作为冲刺池处理。,
12,A档·冲刺线,1,市场化私企,全国/待核验,待补充,,校招相关岗位 | 北京,西门子能源,,,外企/跨国,待分类,高薪/平台强/技术匹配，作为冲刺池处理。,
13,A档·冲刺线,1,市场化私企,全国/待核验,待补充,,比亚迪/特斯拉/车企,7-8月：暑期实习转正通道,,,外企/跨国,待分类,高薪/平台强/技术匹配，作为冲刺池处理。,
14,A档·冲刺线,1,市场化私企,全国/待核验,待补充,,生产一致性工程师（储能方向） | 上海,特斯拉,,,外企/跨国,待分类,高薪/平台强/技术匹配，作为冲刺池处理。,
15,A档·冲刺线,1,市场化私企,全国/待核验,待补充,,蔚来/小鹏/理想/华为/宁德时代,8月：提前批启动,,,市场化/上市民企,待分类,高薪/平台强/技术匹配，作为冲刺池处理。,
16,G档·央国企稳定线,2,央企国企,南方重点,福建,厦门,EMS算法资深工程师,校招专场 / 储能系统解决方案,,,地方国企/省市属,V3/V4增量,稳定路线；优先官网/国聘/集团校招平台核验并投递。,
17,G档·央国企稳定线,2,央企国企,南方重点,福建,厦门,厦门金龙联合汽车(金龙客车),BMS/整车控制,,BOSS直聘/官网,地方国企/省市属,体制内·央国企,稳定路线；优先官网/国聘/集团校招平台核验并投递。,
18,G档·央国企稳定线,2,央企国企,南方重点,福建,厦门/宁德,厦门钨业(省冶金控股),新能源材料/BMS,,官网校招,地方国企/省市属,体制内·央国企,稳定路线；优先官网/国聘/集团校招平台核验并投递。,
19,G档·央国企稳定线,2,央企国企,南方重点,福建,厦门/福州,福建省汽车工业集团(金龙客车),新能源商用车三电/BMS,,官网校招,地方国企/省市属,体制内·央国企,稳定路线；优先官网/国聘/集团校招平台核验并投递。,
20,G档·央国企稳定线,2,央企国企,南方重点,福建,宁德,储能BMS系统工程师,18-30k·20薪 / 招10人,,,地方国企/省市属,V3/V4增量,稳定路线；优先官网/国聘/集团校招平台核验并投递。,
21,G档·央国企稳定线,2,央企国企,南方重点,福建,宁德/平潭/福州,中国大唐集团福建分公司,风光火储/新能源,,iguopin.com,央企/央企子公司,体制内·央国企,稳定路线；优先官网/国聘/集团校招平台核验并投递。,
22,G档·央国企稳定线,2,央企国企,南方重点,福建,广东/福建,中广核新能源,风电/光伏/储能/清洁能源,-,,央企/央企子公司,P2,稳定路线；优先官网/国聘/集团校招平台核验并投递。,央企存量，关注官网+国聘
23,G档·央国企稳定线,2,央企国企,南方重点,福建,徐大堡/漳州/三门/福清,中核集团 CNNC,电气、控制、核工程、仪器,20-30万,cnnc.zhiye.com/xiaoyuan,央企/央企子公司,B档·稳一稳,稳定路线；优先官网/国聘/集团校招平台核验并投递。,
24,G档·央国企稳定线,2,央企国企,南方重点,福建,武汉/福建有协同,中能建储能科技(中储科技),BMS/EMS/PCS储能系统,,北极星招聘,央企/央企子公司,体制内·央国企,稳定路线；优先官网/国聘/集团校招平台核验并投递。,
25,G档·央国企稳定线,2,央企国企,南方重点,福建,漳州云霄,中核国电漳州能源,核电/抽蓄运行/仪控,,高校就业网,央企/央企子公司,体制内·央国企,稳定路线；优先官网/国聘/集团校招平台核验并投递。,
26,G档·央国企稳定线,2,央企国企,南方重点,福建,福州,中储粮福建分公司,仓储机电/自动化,,iguopin.com,央企/央企子公司,体制内·央国企,稳定路线；优先官网/国聘/集团校招平台核验并投递。,
27,G档·央国企稳定线,2,央企国企,南方重点,福建,福州,中国中检福建分公司,检验检测(电池/新能源),,iguopin.com,央企/央企子公司,体制内·央国企,稳定路线；优先官网/国聘/集团校招平台核验并投递。,
28,G档·央国企稳定线,2,央企国企,南方重点,福建,福州,国家电投福建电力,核能/储能/综合智慧能源,,iguopin.com,央企/央企子公司,体制内·央国企,稳定路线；优先官网/国聘/集团校招平台核验并投递。,
29,G档·央国企稳定线,2,央企国企,南方重点,福建,福州,星网锐捷(002396),嵌入式/通信电源,,官网校招,地方国企/省市属,体制内·央国企,稳定路线；优先官网/国聘/集团校招平台核验并投递。,
30,G档·央国企稳定线,2,央企国企,南方重点,福建,福州,福建建工集团,建筑工程/机电,,官网,地方国企/省市属,体制内·央国企,稳定路线；优先官网/国聘/集团校招平台核验并投递。,
31,G档·央国企稳定线,2,央企国企,南方重点,福建,福州,福建省冶金(控股),钢铁/铝业/新材料,,官网,地方国企/省市属,体制内·央国企,稳定路线；优先官网/国聘/集团校招平台核验并投递。,
32,G档·央国企稳定线,2,央企国企,南方重点,福建,福州,福建省工业控股集团,工业/制造业/投资,-,官网,地方国企/省市属,P3,稳定路线；优先官网/国聘/集团校招平台核验并投递。,福建省央国企；省属国企，待确认新能源业务；福建省央国企
33,G档·央国企稳定线,2,央企国企,南方重点,福建,福州,福建省建设投资集团,建设投资/基础设施,-,官网,地方国企/省市属,P3,稳定路线；优先官网/国聘/集团校招平台核验并投递。,福建省央国企
34,G档·央国企稳定线,2,央企国企,南方重点,福建,福州,福建省投资开发集团(闽投),能源投资/项目开发,,官网,地方国企/省市属,体制内·央国企,稳定路线；优先官网/国聘/集团校招平台核验并投递。,
35,G档·央国企稳定线,2,央企国企,南方重点,福建,福州,福建省招标采购集团,招标采购/工程咨询,,官网,地方国企/省市属,体制内·央国企,稳定路线；优先官网/国聘/集团校招平台核验并投递。,
36,G档·央国企稳定线,2,央企国企,南方重点,福建,福州,福建省高速公路集团,机电维护/信息化,,官网,地方国企/省市属,体制内·央国企,稳定路线；优先官网/国聘/集团校招平台核验并投递。,
37,G档·央国企稳定线,2,央企国企,南方重点,福建,福州,福建能源石化集团,新能源/抽水蓄能/风电/氢能,,fjnhjt.cn 官网校招,地方国企/省市属,体制内·央国企,稳定路线；优先官网/国聘/集团校招平台核验并投递。,
38,G档·央国企稳定线,2,央企国企,南方重点,福建,福州/厦门,中国移动福建公司,网络/动力/IT,,官网校招,央企/央企子公司,体制内·央国企,稳定路线；优先官网/国聘/集团校招平台核验并投递。,
39,G档·央国企稳定线,2,央企国企,南方重点,福建,福州/厦门,福建省港口集团,电气自动化/设备管理,,官网,地方国企/省市属,体制内·央国企,稳定路线；优先官网/国聘/集团校招平台核验并投递。,
40,G档·央国企稳定线,2,央企国企,南方重点,福建,福州/厦门,福建省电子信息集团,电子信息/嵌入式(含星网锐捷),,官网校招,地方国企/省市属,体制内·央国企,稳定路线；优先官网/国聘/集团校招平台核验并投递。,
41,G档·央国企稳定线,2,央企国企,南方重点,福建,福州/厦门/泉州,中国电信福建公司,电源动力/产数工程师,,官网校招,央企/央企子公司,体制内·央国企,稳定路线；优先官网/国聘/集团校招平台核验并投递。,
42,G档·央国企稳定线,2,央企国企,南方重点,福建,福州/泉州/石狮/晋江,国家能源集团福建公司,集控/热工/新能源/人工智能,,zhaopin.chnenergy.com.cn,央企/央企子公司,体制内·央国企,稳定路线；优先官网/国聘/集团校招平台核验并投递。,
43,G档·央国企稳定线,2,央企国企,南方重点,福建,福州/福建沿海,中国三峡集团(福建),海上风电/抽蓄,,zhaopin.ctg.com.cn,央企/央企子公司,体制内·央国企,稳定路线；优先官网/国聘/集团校招平台核验并投递。,
44,G档·央国企稳定线,2,央企国企,南方重点,福建,福州/罗源,中国华能集团福建分公司,发电/新能源,,iguopin.com,央企/央企子公司,体制内·央国企,稳定路线；优先官网/国聘/集团校招平台核验并投递。,
45,G档·央国企稳定线,2,央企国企,南方重点,福建,福州连江/宁德/龙岩/南平,中国华电集团福建分公司,发电运行/自动化/新能源,,iguopin.com 国聘网,央企/央企子公司,体制内·央国企,稳定路线；优先官网/国聘/集团校招平台核验并投递。,
46,G档·央国企稳定线,2,央企国企,南方重点,福建,福建,南方电网储能(福建),抽水蓄能/新型储能,,zhaopin.csg.cn,央企/央企子公司,体制内·央国企,稳定路线；优先官网/国聘/集团校招平台核验并投递。,
47,G档·央国企稳定线,2,央企国企,南方重点,福建,福建多地,华润集团(福建),能源/电力,,iguopin.com,央企/央企子公司,体制内·央国企,稳定路线；优先官网/国聘/集团校招平台核验并投递。,
48,G档·央国企稳定线,2,央企国企,南方重点,广东,上海/广州,中船集团,新能源/储能/控制,硕士16-26万,中船招聘平台,央企/央企子公司,体制内·央国企,稳定路线；优先官网/国聘/集团校招平台核验并投递。,
49,G档·央国企稳定线,2,央企国企,南方重点,广东,东莞/深圳,易事特集团(300376),储能EMS/电源(上市),14-22万,官网校招,市场化/上市民企,体制内·央国企,稳定路线；优先官网/国聘/集团校招平台核验并投递。,
50,G档·央国企稳定线,2,央企国企,南方重点,广东,广东,中国能建（储能广东）,储能系统/BMS/PCS,-,,央企/央企子公司,P3,稳定路线；优先官网/国聘/集团校招平台核验并投递。,央企存量，关注官网
51,G档·央国企稳定线,2,央企国企,南方重点,广东,广东/广西/云南/贵州/海南,南方电网-省局,电气、自动化、控制,20-30万,zhaopin.csg.cn,央企/央企子公司,B档·稳一稳,稳定路线；优先官网/国聘/集团校招平台核验并投递。,
52,G档·央国企稳定线,2,央企国企,南方重点,广东,广州,夯实科技(广州),BMS软硬件(鹏辉能源系),10-18万(13薪),BOSS直聘搜索,市场化/上市民企,体制内·央国企,稳定路线；优先官网/国聘/集团校招平台核验并投递。,
53,G档·央国企稳定线,2,央企国企,南方重点,广东,广州,广东能源集团,省属能源国企/火电/新能源/储能,12-20万,campus.51job.com/geg,地方国企/省市属,P3,稳定路线；优先官网/国聘/集团校招平台核验并投递。,广州新增(发电/储能)
54,G档·央国企稳定线,2,央企国企,南方重点,广东,广州,广东能源集团,新能源/储能/火电,-,,地方国企/省市属,P3,稳定路线；优先官网/国聘/集团校招平台核验并投递。,省属国企
55,G档·央国企稳定线,2,央企国企,南方重点,广东,广州,广州发展电力集团(600098),发电/新能源/电气自动化(广州市最大发电企业),12-18万,官网校招,地方国企/省市属,P3,稳定路线；优先官网/国聘/集团校招平台核验并投递。,广州新增(发电/储能)
56,G档·央国企稳定线,2,央企国企,南方重点,广东,广州,广州发展集团(600098),新能源/储能/电力(市属国企),12-18万,官网校招,地方国企/省市属,P3,稳定路线；优先官网/国聘/集团校招平台核验并投递。,广州新增(发电/储能)
57,G档·央国企稳定线,2,央企国企,南方重点,广东,广州,鹏辉能源(300438),储能电池/BMS(上市),14-22万,官网校招,市场化/上市民企,P3,稳定路线；优先官网/国聘/集团校招平台核验并投递。,广州新增(发电/储能)
58,G档·央国企稳定线,2,央企国企,南方重点,广东,广州(本部),南方电网储能(600995),抽水蓄能/新型储能(央企控股上市),15-25万,zhaopin.csg.cn,央企/央企子公司,P3,稳定路线；优先官网/国聘/集团校招平台核验并投递。,广州新增(发电/储能)
59,G档·央国企稳定线,2,央企国企,南方重点,广东,广州/南宁,南网储能（南方电网）,储能调度/电化学储能/EMS控制,-,,央企/央企子公司,P1,稳定路线；优先官网/国聘/集团校招平台核验并投递。,央企存量，关注南网招聘官网
60,G档·央国企稳定线,2,央企国企,南方重点,广东,成都/广州,东方电气,氢能/储能控制,15-24万,东方电气平台,地方国企/省市属,体制内·央国企,稳定路线；优先官网/国聘/集团校招平台核验并投递。,
61,G档·央国企稳定线,2,央企国企,南方重点,广东,深圳,东方日升储能(深圳),储能系统/BMS(上市300118),16-28万,时代储能网,市场化/上市民企,P3,稳定路线；优先官网/国聘/集团校招平台核验并投递。,深圳新增(储能/BMS)
62,G档·央国企稳定线,2,央企国企,南方重点,广东,深圳,深南电(储能EMS),储能EMS专业工程师(国企背景),15-25万,北极星储能招聘,地方国企/省市属,P3,稳定路线；优先官网/国聘/集团校招平台核验并投递。,深圳新增(储能/BMS)
63,G档·央国企稳定线,2,央企国企,南方重点,广东,深圳,深圳能源集团,国企/电气/自动化/控制工程/储能(2026校招),14-22万,官网校招,地方国企/省市属,P3,稳定路线；优先官网/国聘/集团校招平台核验并投递。,深圳新增(储能/BMS)
64,G档·央国企稳定线,2,央企国企,南方重点,广东,深圳/广东,中广核集团,新能源/储能/控制,硕士15-25万,cgnpc.iguopin.com,央企/央企子公司,体制内·央国企,稳定路线；优先官网/国聘/集团校招平台核验并投递。,
65,G档·央国企稳定线,2,央企国企,南方重点,浙江,杭州,浙江艾罗能源(688717),控制算法/AI算法/BMS软件(科创板),18-28万+股权,xiaozhao@ solaxpower.com,市场化/上市民企,体制内·央国企,稳定路线；优先官网/国聘/集团校招平台核验并投递。,
66,G档·央国企稳定线,2,央企国企,南方重点,浙江,浙江,中国电建（储能浙江）,抽水蓄能/电化学储能,-,,央企/央企子公司,P3,稳定路线；优先官网/国聘/集团校招平台核验并投递。,央企存量，关注官网
67,G档·央国企稳定线,2,央企国企,南方重点,江苏,上海/常州,国家管网储能,电气自控/新能源,硕士14-22万,国家管网招聘平台,央企/央企子公司,体制内·央国企,稳定路线；优先官网/国聘/集团校招平台核验并投递。,
68,G档·央国企稳定线,2,央企国企,南方重点,江苏,上海/常州/濮阳,国家管网储能,电气自控/新能源,硕士14-22万,管网招聘平台,央企/央企子公司,体制内·央国企,稳定路线；优先官网/国聘/集团校招平台核验并投递。,
69,G档·央国企稳定线,2,央企国企,南方重点,江苏,合肥/上海/南京,国轩高科,BMS软硬件/算法,18-26万,gotion.zhiye.com,地方国企/省市属,体制内·央国企,稳定路线；优先官网/国聘/集团校招平台核验并投递。,
70,G档·央国企稳定线,2,央企国企,南方重点,江苏,常州,中创新航,BMS算法,13-18万,calb.com.cn,地方国企/省市属,体制内·央国企,稳定路线；优先官网/国聘/集团校招平台核验并投递。,
71,G档·央国企稳定线,2,央企国企,南方重点,江苏,常州,中创新航(CALB),BMS算法工程师,13-18万(13薪),calb.com.cn,地方国企/省市属,体制内·央国企,稳定路线；优先官网/国聘/集团校招平台核验并投递。,
72,G档·央国企稳定线,2,央企国企,南方重点,江苏,扬州,中兴派能(688063),储能BMS(中兴系),15-28万,官网校招,市场化/上市民企,体制内·央国企,稳定路线；优先官网/国聘/集团校招平台核验并投递。,
73,G档·央国企稳定线,2,央企国企,南方重点,江苏,潍坊/苏州,潍柴动力,BMS/SOC/SOH,15-22万,xyzp@weichai.com,地方国企/省市属,体制内·央国企,稳定路线；优先官网/国聘/集团校招平台核验并投递。,
74,G档·央国企稳定线,2,央企国企,南方重点,江苏,潍坊/苏州,潍柴动力,BMS/SOC/SOH算法,硕士15-22万,xyzp@weichai.com,地方国企/省市属,体制内·央国企,稳定路线；优先官网/国聘/集团校招平台核验并投递。,
75,G档·央国企稳定线,2,央企国企,南方重点,江苏,苏州,EMS产品工程师,15-30k / 储能电站EMS平台+控制策略,,,地方国企/省市属,V3/V4增量,稳定路线；优先官网/国聘/集团校招平台核验并投递。,
76,G档·央国企稳定线,2,央企国企,南方重点,江苏,苏州,资深仿真工程师,猎聘,,,地方国企/省市属,V3/V4增量,稳定路线；优先官网/国聘/集团校招平台核验并投递。,
77,G档·央国企稳定线,2,央企国企,南方重点,江苏,苏州,销售工程师-数据中心/风光储/EV,猎聘,,,地方国企/省市属,V3/V4增量,稳定路线；优先官网/国聘/集团校招平台核验并投递。,
78,G档·央国企稳定线,2,央企国企,南方重点,江苏,长春/南京,一汽研发总院,新能源/控制,15-25万,zhaopin.faw.com.cn,地方国企/省市属,体制内·央国企,稳定路线；优先官网/国聘/集团校招平台核验并投递。,
79,G档·央国企稳定线,2,央企国企,南方重点,江苏,长春/南京,中国一汽,新能源研发/算法,硕士15-25万,zhaopin.faw.com.cn,央企/央企子公司,体制内·央国企,稳定路线；优先官网/国聘/集团校招平台核验并投递。,
80,G档·央国企稳定线,2,央企国企,南方重点,江苏,长春/南京,中国一汽研发总院,新能源/智能控制,15-25万,zhaopin.faw.com.cn,央企/央企子公司,体制内·央国企,稳定路线；优先官网/国聘/集团校招平台核验并投递。,
81,G档·央国企稳定线,2,央企国企,南方重点,上海,上海,上海电气,储能/新能源控制,16-26万,上海电气校招,地方国企/省市属,体制内·央国企,稳定路线；优先官网/国聘/集团校招平台核验并投递。,
82,G档·央国企稳定线,2,央企国企,南方重点,上海,上海,移动储能BMS系统工程师,25-35k·13薪 / CATL智能科技,,,地方国企/省市属,V3/V4增量,稳定路线；优先官网/国聘/集团校招平台核验并投递。,
83,G档·央国企稳定线,2,央企国企,南方重点,上海,武汉/上海,中国电气装备储能公司,央企/储能系统/BMS/PCS(2026校招),16-28万,国聘网/国资委公告,央企/央企子公司,P3,稳定路线；优先官网/国聘/集团校招平台核验并投递。,武汉补充(央企/半导体)
84,G档·央国企稳定线,2,央企国企,中南/华东备选,湖北,北京/武汉,中国化学工程,新能源/储能,硕士14-22万,cncec.chinahr.com,央企/央企子公司,体制内·央国企,稳定路线；优先官网/国聘/集团校招平台核验并投递。,
85,G档·央国企稳定线,2,央企国企,中南/华东备选,湖北,北京/武汉,中国化学工程,新能源/储能技术,硕士14-22万,cncec.chinahr.com,央企/央企子公司,体制内·央国企,稳定路线；优先官网/国聘/集团校招平台核验并投递。,
86,G档·央国企稳定线,2,央企国企,中南/华东备选,湖北,武汉,东风汽车集团,BMS算法/能量管理,20-35万,dfmc.com.cn,央企/央企子公司,A档·冲一冲,稳定路线；优先官网/国聘/集团校招平台核验并投递。,
87,G档·央国企稳定线,2,央企国企,中南/华东备选,湖北,武汉,东风汽车集团,BMS/能量管理,硕士20-35万,dfmc.com.cn,央企/央企子公司,体制内·央国企,稳定路线；优先官网/国聘/集团校招平台核验并投递。,
88,G档·央国企稳定线,2,央企国企,中南/华东备选,湖北,武汉,中船重工712所,电池/储能/控制,,船用电池方向,央企/央企子公司,体制内·特殊赛道,稳定路线；优先官网/国聘/集团校招平台核验并投递。,船用电池方向
89,G档·央国企稳定线,2,央企国企,中南/华东备选,湖北,武汉,长江存储,半导体/自动化/控制(武汉明星国企),15-25万,官网校招,地方国企/省市属,P3,稳定路线；优先官网/国聘/集团校招平台核验并投递。,武汉补充(央企/半导体)
90,G档·央国企稳定线,2,央企国企,中南/华东备选,湖北,武汉/全国,中国三峡新能源(集团),央企/新能源/海上风电/储能(2026校招),15-25万,www.ctgne.com 校招,央企/央企子公司,P3,稳定路线；优先官网/国聘/集团校招平台核验并投递。,武汉补充(央企/半导体)
91,G档·央国企稳定线,2,央企国企,中南/华东备选,湖北,武汉/北京/成都,中国三峡集团,新能源/储能,硕士16-26万,zhaopin.ctg.com.cn,央企/央企子公司,体制内·央国企,稳定路线；优先官网/国聘/集团校招平台核验并投递。,
92,G档·央国企稳定线,2,央企国企,中南/华东备选,湖北,武汉/成都/西安,中石化工程设计,智能低碳研究,硕士15-22万,中石化人才网,央企/央企子公司,体制内·央国企,稳定路线；优先官网/国聘/集团校招平台核验并投递。,
93,G档·央国企稳定线,2,央企国企,中南/华东备选,湖北,武汉/成都/西安,中石化石油工程设计,智能低碳研究岗,硕士15-22万,中石化人才招聘网,央企/央企子公司,体制内·央国企,稳定路线；优先官网/国聘/集团校招平台核验并投递。,
94,G档·央国企稳定线,2,央企国企,中南/华东备选,湖北,武汉/重庆,中石化江汉设计,智能低碳/智慧能源,硕士15-22万,中石化人才网,央企/央企子公司,体制内·央国企,稳定路线；优先官网/国聘/集团校招平台核验并投递。,
95,G档·央国企稳定线,2,央企国企,中南/华东备选,湖北,武汉江夏,中能建储能科技(中储科技),BMS/EMS/PCS 储能系统(央企),15-22万,北极星招聘/国聘网,央企/央企子公司,体制内·央国企,稳定路线；优先官网/国聘/集团校招平台核验并投递。,
96,G档·央国企稳定线,2,央企国企,其他国内,京津冀,北京/全国,中国华能集团,新能源/储能研发,硕士15-25万,华能校招系统,央企/央企子公司,体制内·央国企,稳定路线；优先官网/国聘/集团校招平台核验并投递。,
97,G档·央国企稳定线,2,央企国企,其他国内,京津冀,北京/全国,中核集团,储能/新能源控制,硕士15-25万,cnnc.chinahr.com,央企/央企子公司,体制内·央国企,稳定路线；优先官网/国聘/集团校招平台核验并投递。,
98,G档·央国企稳定线,2,央企国企,其他国内,京津冀,北京/全国,国家能源集团,氢能/储能研究,硕士15-25万,国家能源招聘平台,央企/央企子公司,体制内·央国企,稳定路线；优先官网/国聘/集团校招平台核验并投递。,
99,G档·央国企稳定线,2,央企国企,其他国内,京津冀,北京/全国,国家能源集团,氢能/储能研究员,硕士15-25万,国家能源集团招聘平台,央企/央企子公司,体制内·央国企,稳定路线；优先官网/国聘/集团校招平台核验并投递。,
100,G档·央国企稳定线,2,央企国企,其他国内,京津冀,天津/成都,中电科蓝天/18所,电源BMS/嵌入式,硕士优厚+六险二金,dklt.zhiye.com,央企/央企子公司,体制内·央国企,稳定路线；优先官网/国聘/集团校招平台核验并投递。,
101,G档·央国企稳定线,2,央企国企,其他国内,京津冀,天津/成都,中电科蓝天/18所,电源系统研发(BMS/嵌入式),硕士优厚+六险二金,dklt.zhiye.com,央企/央企子公司,体制内·央国企,稳定路线；优先官网/国聘/集团校招平台核验并投递。,
102,G档·央国企稳定线,2,央企国企,全国/待核验,全国/多地,全国,华润电力,电气、新能源、机械,15-25万,2026.yingjiesheng.com/cr-power,央企/央企子公司,A档·冲一冲,稳定路线；优先官网/国聘/集团校招平台核验并投递。,
103,G档·央国企稳定线,2,央企国企,全国/待核验,全国/多地,全国抽蓄电站,国家电网-国网新源（抽水蓄能）,EMS/电气/控制（2027校招）,到手15w+公积金年金≈20w,zhaopin.sgcc.com.cn,央企/央企子公司,A档·冲一冲,稳定路线；优先官网/国聘/集团校招平台核验并投递。,
104,G档·央国企稳定线,2,央企国企,全国/待核验,全国/多地,各地,中国华电集团,电气、能源动力、水利水电,基层15-20万,chd.com.cn,央企/央企子公司,B档·稳一稳,稳定路线；优先官网/国聘/集团校招平台核验并投递。,
105,G档·央国企稳定线,2,央企国企,全国/待核验,全国/多地,各地,中国华能集团,电气、能动、新能源,基层15-20万,校招官网/各子分公司,央企/央企子公司,B档·稳一稳,稳定路线；优先官网/国聘/集团校招平台核验并投递。,
106,G档·央国企稳定线,2,央企国企,全国/待核验,全国/多地,各地,中国大唐集团,电气、能源动力,基层15-20万,校招官网,央企/央企子公司,B档·稳一稳,稳定路线；优先官网/国聘/集团校招平台核验并投递。,
107,G档·央国企稳定线,2,央企国企,全国/待核验,全国/多地,各地,中电建 POWERCHINA,电气、控制、水利水电,水电/抽水蓄能工程,各子公司校招,央企/央企子公司,B档·稳一稳,稳定路线；优先官网/国聘/集团校招平台核验并投递。,
108,G档·央国企稳定线,2,央企国企,全国/待核验,全国/多地,各地,中石化 Sinopec,电气、化工、控制,18-28万,job.sinopec.com,央企/央企子公司,B档·稳一稳,稳定路线；优先官网/国聘/集团校招平台核验并投递。,
109,G档·央国企稳定线,2,央企国企,全国/待核验,全国/多地,各地,中石油 CNPC,电气、控制、石油工程,18-28万,zhaopin.cnpc.com.cn,央企/央企子公司,B档·稳一稳,稳定路线；优先官网/国聘/集团校招平台核验并投递。,
110,G档·央国企稳定线,2,央企国企,全国/待核验,全国/多地,各地,中能建 CECEP,电气、控制、能源,火电/新能源建设,各子公司校招,央企/央企子公司,B档·稳一稳,稳定路线；优先官网/国聘/集团校招平台核验并投递。,
111,G档·央国企稳定线,2,央企国企,全国/待核验,全国/多地,各地,中铁各局（一局~二十局）,电气、控制、土木,本科为主，人才基金15-18w,各局官网,央企/央企子公司,待分类,稳定路线；优先官网/国聘/集团校招平台核验并投递。,
112,G档·央国企稳定线,2,央企国企,全国/待核验,全国/多地,各地,国家电投集团,电气、能源动力、核工程、自动化,基层15-20万,spic2026.iguopin.com,央企/央企子公司,B档·稳一稳,稳定路线；优先官网/国聘/集团校招平台核验并投递。,
113,G档·央国企稳定线,2,央企国企,全国/待核验,全国/多地,各地,国家能源集团（火电/煤炭/新能源）,电气、能动、采矿、计算机,基层15-25万,zhaopin.chnenergy.com.cn,央企/央企子公司,B档·稳一稳,稳定路线；优先官网/国聘/集团校招平台核验并投递。,
114,G档·央国企稳定线,2,央企国企,全国/待核验,全国/多地,各地,国铁集团-18个铁路局,铁道供电、电气自动化、信号,大专起报，稳定铁饭碗,rczp.china-railway.com.cn,央企/央企子公司,待分类,稳定路线；优先官网/国聘/集团校招平台核验并投递。,
115,G档·央国企稳定线,2,央企国企,全国/待核验,全国/多地,各地市,国家电网-一般地市电力公司,电工类（电气工程、自动化、控制）,15-25万,zhaopin.sgcc.com.cn,央企/央企子公司,A档·冲一冲,稳定路线；优先官网/国聘/集团校招平台核验并投递。,
116,G档·央国企稳定线,2,央企国企,全国/待核验,全国/多地,各地抽蓄电站,南方电网-储能（抽水蓄能）,电气、水利水电,类似国网新源,zhaopin.csg.cn,央企/央企子公司,B档·稳一稳,稳定路线；优先官网/国聘/集团校招平台核验并投递。,
117,G档·央国企稳定线,2,央企国企,全国/待核验,全国/多地,多地,中国电科集团(其他所),电源/BMS/控制,,,央企/央企子公司,体制内·特殊赛道,稳定路线；优先官网/国聘/集团校招平台核验并投递。,各所独立招聘
118,G档·央国企稳定线,2,央企国企,全国/待核验,全国/多地,多地,中国电科集团(各所),电源/BMS/控制,,各所独立招聘,央企/央企子公司,体制内·特殊赛道,稳定路线；优先官网/国聘/集团校招平台核验并投递。,
119,G档·央国企稳定线,2,央企国企,其他国内,京津冀,河北沧州,国家能源集团-黄骅港务,电气、控制、机械,基层15-20万,zhaopin.chnenergy.com.cn,央企/央企子公司,待分类,稳定路线；优先官网/国聘/集团校招平台核验并投递。,
120,G档·央国企稳定线,2,央企国企,海外,海外,华为德国/奥地利研究所,Senior/Principal Engineer EMS (BESS),,,,地方国企/省市属,V3/V4增量,稳定路线；优先官网/国聘/集团校招平台核验并投递。,
121,G档·央国企稳定线,2,央企国企,全国/待核验,其他/待核验,1.8-3万·18薪,储能安全资深工程师(电气安全),,,,地方国企/省市属,V3/V4增量,稳定路线；优先官网/国聘/集团校招平台核验并投递。,
122,G档·央国企稳定线,2,央企国企,全国/待核验,其他/待核验,10k+/月,2026春招/秋招 星熠培训生,电气/自动化方向,,,地方国企/省市属,V3/V4增量,稳定路线；优先官网/国聘/集团校招平台核验并投递。,
123,G档·央国企稳定线,2,央企国企,全国/待核验,其他/待核验,13个岗位之一,EMS算法资深工程师,,,,地方国企/省市属,V3/V4增量,稳定路线；优先官网/国聘/集团校招平台核验并投递。,
124,G档·央国企稳定线,2,央企国企,全国/待核验,其他/待核验,18-35k·18薪,BMS算法资深工程师,硕士 / 4年以上 / SOX策略(OCV/SOH/SOP),,,地方国企/省市属,V3/V4增量,稳定路线；优先官网/国聘/集团校招平台核验并投递。,
125,G档·央国企稳定线,2,央企国企,全国/待核验,其他/待核验,25-45k·14薪,储能系统工程师,上市企业,,,地方国企/省市属,V3/V4增量,稳定路线；优先官网/国聘/集团校招平台核验并投递。,
126,G档·央国企稳定线,2,央企国企,全国/待核验,其他/待核验,3-5万·18薪,储能变流器系统专家,,,,地方国企/省市属,V3/V4增量,稳定路线；优先官网/国聘/集团校招平台核验并投递。,
127,G档·央国企稳定线,2,央企国企,全国/待核验,其他/待核验,5-10年经验,储能EMS系统工程师,架构设计+PCS/BMS对接,,,地方国企/省市属,V3/V4增量,稳定路线；优先官网/国聘/集团校招平台核验并投递。,
128,G档·央国企稳定线,2,央企国企,全国/待核验,其他/待核验,中压开关技术,Electrical Engineer 智能基础设施 (Smart Infrastructure),,,,地方国企/省市属,V3/V4增量,稳定路线；优先官网/国聘/集团校招平台核验并投递。,
129,G档·央国企稳定线,2,央企国企,全国/待核验,其他/待核验,储能/EMS方向,Firmware Design 工程师,外企 / 上海,,,地方国企/省市属,V3/V4增量,稳定路线；优先官网/国聘/集团校招平台核验并投递。,
130,G档·央国企稳定线,2,央企国企,全国/待核验,其他/待核验,储能/电气方向,Turbine Control Engineer / 结构设计工程师等,,,,地方国企/省市属,V3/V4增量,稳定路线；优先官网/国聘/集团校招平台核验并投递。,
131,G档·央国企稳定线,2,央企国企,全国/待核验,其他/待核验,变压器业务大中华区,Engineering Manager,55城覆盖,,,地方国企/省市属,V3/V4增量,稳定路线；优先官网/国聘/集团校招平台核验并投递。,
132,G档·央国企稳定线,2,央企国企,全国/待核验,其他/待核验,在华23个职位,R&D Electrical Engineer / 储能相关,储能业务线,,,地方国企/省市属,V3/V4增量,稳定路线；优先官网/国聘/集团校招平台核验并投递。,
133,G档·央国企稳定线,2,央企国企,全国/待核验,其他/待核验,外企,E-Next 储能相关岗位 (JR00035981),储能,,,地方国企/省市属,V3/V4增量,稳定路线；优先官网/国聘/集团校招平台核验并投递。,
134,G档·央国企稳定线,2,央企国企,全国/待核验,其他/待核验,多个地点,BMS/EPMS 招标工程师,Tendering Engineer,,,地方国企/省市属,V3/V4增量,稳定路线；优先官网/国聘/集团校招平台核验并投递。,
135,G档·央国企稳定线,2,央企国企,全国/待核验,其他/待核验,大型地面电站储能系统设计,储能系统工程师 17-19级,,,,地方国企/省市属,V3/V4增量,稳定路线；优先官网/国聘/集团校招平台核验并投递。,
136,G档·央国企稳定线,2,央企国企,全国/待核验,其他/待核验,微电网研发,"Senior Engineer, Renewable Energy And Microgrid",上海,,,地方国企/省市属,V3/V4增量,稳定路线；优先官网/国聘/集团校招平台核验并投递。,
137,G档·央国企稳定线,2,央企国企,全国/待核验,其他/待核验,江浙沪,国家电网-江浙沪电力局,电工类/电气/控制,20-30万,zhaopin.sgcc.com.cn,央企/央企子公司,A档·冲一冲,稳定路线；优先官网/国聘/集团校招平台核验并投递。,
138,G档·央国企稳定线,2,央企国企,全国/待核验,其他/待核验,海上/沿海城市,中国海油 CNOOC,电气、控制、海洋工程,20-35万,cnooc.com.cn/zyzx,央企/央企子公司,A档·冲一冲,稳定路线；优先官网/国聘/集团校招平台核验并投递。,
139,G档·央国企稳定线,2,央企国企,全国/待核验,其他/待核验,虚拟电厂方案设计,储能EMS系统专家,技术洞察/竞品分析,,,地方国企/省市属,V3/V4增量,稳定路线；优先官网/国聘/集团校招平台核验并投递。,
140,G档·央国企稳定线,2,央企国企,全国/待核验,待补充,,EMS软件工程师 | 上海 | 30万/年,中国电气装备集团储能科技,,,央企/央企子公司,待分类,稳定路线；优先官网/国聘/集团校招平台核验并投递。,
141,G档·央国企稳定线,2,央企国企,全国/待核验,待补充,,上海电气（上海电气集团）,储能系统集成,电气龙头,sasac.gov.cn,央企/央企子公司,体制内·央国企,稳定路线；优先官网/国聘/集团校招平台核验并投递。,
142,G档·央国企稳定线,2,央企国企,全国/待核验,待补充,,东方电气集团,储能氢能 / 电源系统,三大动力之一 德阳/成都,sasac.gov.cn,央企/央企子公司,体制内·央国企,稳定路线；优先官网/国聘/集团校招平台核验并投递。,
143,G档·央国企稳定线,2,央企国企,全国/待核验,待补充,,中国中化（中国中化控股）,化学/能源类,,job.sinochem.com,央企/央企子公司,体制内·央国企,稳定路线；优先官网/国聘/集团校招平台核验并投递。,
144,G档·央国企稳定线,2,央企国企,全国/待核验,待补充,,中国中车 CRRC（中国中车集团）,风电/光伏/储能/氢能,央企 · 3000+岗,crrc.hotjob.cn,央企/央企子公司,体制内·央国企,稳定路线；优先官网/国聘/集团校招平台核验并投递。,
145,G档·央国企稳定线,2,央企国企,全国/待核验,待补充,,中国宝武（中国宝武钢铁集团）,能源管理/电气,央企,campus.51job.com/baowugroup2026,央企/央企子公司,体制内·央国企,稳定路线；优先官网/国聘/集团校招平台核验并投递。,
146,G档·央国企稳定线,2,央企国企,全国/待核验,待补充,,中国海油（中国海洋石油集团）,电气/控制/新能源,20-35万,cnooc.com.cn/zyzx,央企/央企子公司,体制内·央国企,稳定路线；优先官网/国聘/集团校招平台核验并投递。,
147,G档·央国企稳定线,2,央企国企,全国/待核验,待补充,,中国物流集团（中国物流集团（诚通旗下））,IT / 供应链,,chinalogisticsgroup.hotjob.cn,央企/央企子公司,体制内·央国企,稳定路线；优先官网/国聘/集团校招平台核验并投递。,
148,G档·央国企稳定线,2,央企国企,全国/待核验,待补充,,中国电气装备集团储能公司,EMS软件工程师 / PCS软件工程师,30万/年 · 央企 · 上海静安 2026春招已启动,campus.51job.com/cnkj2026,央企/央企子公司,体制内·央国企,稳定路线；优先官网/国聘/集团校招平台核验并投递。,
149,G档·央国企稳定线,2,央企国企,全国/待核验,待补充,,中国电科12所（中国电科集团（CETC））,2026届校招,,已启动,央企/央企子公司,体制内·央国企,稳定路线；优先官网/国聘/集团校招平台核验并投递。,
150,G档·央国企稳定线,2,央企国企,全国/待核验,待补充,,中国电科18所（中国电科集团（CETC））,电源系统 / BMS,硕士/博士,,央企/央企子公司,体制内·央国企,稳定路线；优先官网/国聘/集团校招平台核验并投递。,dklt.zhiye.com
151,G档·央国企稳定线,2,央企国企,全国/待核验,待补充,,中国能建/电建,,,,央企/央企子公司,V3/V4增量,稳定路线；优先官网/国聘/集团校招平台核验并投递。,储能板块关注
152,G档·央国企稳定线,2,央企国企,全国/待核验,待补充,,中国航发（中国航空发动机集团）,燃气轮机/新能源,央企 · 北京,aecc.cn,央企/央企子公司,体制内·央国企,稳定路线；优先官网/国聘/集团校招平台核验并投递。,
153,G档·央国企稳定线,2,央企国企,全国/待核验,待补充,,中国船舶集团（中国船舶集团）,新能源/储能,央企,cssc.net.cn,央企/央企子公司,体制内·央国企,稳定路线；优先官网/国聘/集团校招平台核验并投递。,
154,G档·央国企稳定线,2,央企国企,全国/待核验,待补充,,中国诚通（中国诚通控股集团）,国有资本运营,,sasac.gov.cn,央企/央企子公司,体制内·央国企,稳定路线；优先官网/国聘/集团校招平台核验并投递。,
155,G档·央国企稳定线,2,央企国企,全国/待核验,待补充,,中广核新能源,,,,央企/央企子公司,V3/V4增量,稳定路线；优先官网/国聘/集团校招平台核验并投递。,关注官网+国聘
156,G档·央国企稳定线,2,央企国企,全国/待核验,待补充,,中广核（中国广核集团）,新能源/电气,20-30万,cgn.hotjob.cn,央企/央企子公司,体制内·央国企,稳定路线；优先官网/国聘/集团校招平台核验并投递。,
157,G档·央国企稳定线,2,央企国企,全国/待核验,待补充,,中建科工,储能科学与工程岗,央企子公司 · 深圳 2026科工人招募,jlu.edu.cn,央企/央企子公司,体制内·央国企,稳定路线；优先官网/国聘/集团校招平台核验并投递。,
158,G档·央国企稳定线,2,央企国企,全国/待核验,待补充,,中石化石油工程建设,智能低碳研究岗 / 智慧能源设计岗,储能+氢能+低碳 硕士,niuqizp.com,央企/央企子公司,体制内·央国企,稳定路线；优先官网/国聘/集团校招平台核验并投递。,
159,G档·央国企稳定线,2,央企国企,全国/待核验,待补充,,中石化（中国石油化工集团）,储能/新能源/氢能,18-28万,job.sinopec.com,央企/央企子公司,体制内·央国企,稳定路线；优先官网/国聘/集团校招平台核验并投递。,
160,G档·央国企稳定线,2,央企国企,全国/待核验,待补充,,中能建上海院,电气系统集成工程师（储能方向）,含PCS/BMS/EMS集成 上海,bjx.com.cn,央企/央企子公司,体制内·央国企,稳定路线；优先官网/国聘/集团校招平台核验并投递。,
161,G档·央国企稳定线,2,央企国企,全国/待核验,待补充,,中能建广东火电,储能/新能源相关,央企子公司 新型电力系统,ceec.net.cn,央企/央企子公司,体制内·央国企,稳定路线；优先官网/国聘/集团校招平台核验并投递。,
162,G档·央国企稳定线,2,央企国企,全国/待核验,待补充,,华电福新(福建),,,,央企/央企子公司,V3/V4增量,稳定路线；优先官网/国聘/集团校招平台核验并投递。,福建本地优选
163,G档·央国企稳定线,2,央企国企,全国/待核验,待补充,,南网储能,,,,央企/央企子公司,V3/V4增量,稳定路线；优先官网/国聘/集团校招平台核验并投递。,关注南网招聘官网+国聘
164,G档·央国企稳定线,2,央企国企,全国/待核验,待补充,,哈电集团,新能源 / 储能方向,七险二金 哈尔滨/多地点,harbin-electric.com,央企/央企子公司,体制内·央国企,稳定路线；优先官网/国聘/集团校招平台核验并投递。,
165,G档·央国企稳定线,2,央企国企,全国/待核验,待补充,,国企/央企春招,11-12月：补录收尾,,,央企/央企子公司,体制内·央国企,稳定路线；优先官网/国聘/集团校招平台核验并投递。,
166,G档·央国企稳定线,2,央企国企,全国/待核验,待补充,,国家电投（国家电力投资集团）,储能系统设计工程师,央企,spic2026.iguopin.com,央企/央企子公司,体制内·央国企,稳定路线；优先官网/国聘/集团校招平台核验并投递。,
167,G档·央国企稳定线,2,央企国企,全国/待核验,待补充,,国家能源集团（国家能源投资集团）,电气/新能源/储能,15-25万,zhaopin.chnenergy.com.cn,央企/央企子公司,体制内·央国企,稳定路线；优先官网/国聘/集团校招平台核验并投递。,
168,G档·央国企稳定线,2,央企国企,全国/待核验,待补充,,国投集团 SDIC（国家开发投资集团）,管培生（含能源方向）,,sdic1.iguopin.com,央企/央企子公司,体制内·央国企,稳定路线；优先官网/国聘/集团校招平台核验并投递。,
169,G档·央国企稳定线,2,央企国企,全国/待核验,待补充,,天津空间电源科技（中国电科集团（CETC））,空间电源 / 储能,博士,,央企/央企子公司,体制内·央国企,稳定路线；优先官网/国聘/集团校招平台核验并投递。,电科旗下
170,G档·央国企稳定线,2,央企国企,全国/待核验,待补充,,广东能源集团,,,,地方国企/省市属,V3/V4增量,稳定路线；优先官网/国聘/集团校招平台核验并投递。,关注储能岗位
171,G档·央国企稳定线,2,央企国企,全国/待核验,待补充,,微电网研发 | 上海,伊顿,,,外企/跨国,待分类,稳定路线；优先官网/国聘/集团校招平台核验并投递。,
172,G档·央国企稳定线,2,央企国企,全国/待核验,待补充,,招商局集团（招商局集团）,科创产业,,cmhk.com,央企/央企子公司,体制内·央国企,稳定路线；优先官网/国聘/集团校招平台核验并投递。,
173,G档·央国企稳定线,2,央企国企,全国/待核验,待补充,,电气业务岗 | 广东/广西/云南/贵州/海南,南方电网储能,,,央企/央企子公司,待分类,稳定路线；优先官网/国聘/集团校招平台核验并投递。,
174,G档·央国企稳定线,2,央企国企,全国/待核验,待补充,,电科蓝天 CETC 14所子公司（中国电科集团（CETC））,BMS / 储能 / 电源系统,硕士,,央企/央企子公司,体制内·央国企,稳定路线；优先官网/国聘/集团校招平台核验并投递。,已覆盖 · 688818.SH
175,G档·央国企稳定线,2,央企国企,全国/待核验,待补充,,航天科工/航天科技（中国航天科技集团 / 中国航天科工集团）,新能源/储能（部分院所）,央企,,央企/央企子公司,体制内·特殊赛道,稳定路线；优先官网/国聘/集团校招平台核验并投递。,spacechina.com
176,B档·主投线,3,市场化私企,南方重点,广东,深圳,拓邦股份,电池控制/BMS,14-20万,topband.com.cn,市场化/上市民企,B档·稳一稳,主力投递；匹配度较高，建议批量投递并持续复盘。,
177,B档·主投线,3,市场化私企,南方重点,广东,深圳,拓邦股份 (002139),电池控制/BMS,14-20万,topband.com.cn,市场化/上市民企,B档·稳一稳,主力投递；匹配度较高，建议批量投递并持续复盘。,
178,B档·主投线,3,市场化私企,南方重点,浙江,杭州,禾迈股份,储能控制,14-20万,hoymiles.com,市场化/上市民企,B档·稳一稳,主力投递；匹配度较高，建议批量投递并持续复盘。,
179,B档·主投线,3,市场化私企,南方重点,浙江,杭州,禾迈股份 (688032),储能控制,14-20万,hoymiles.com,市场化/上市民企,B档·稳一稳,主力投递；匹配度较高，建议批量投递并持续复盘。,
180,B档·主投线,3,市场化私企,南方重点,江苏,合肥/南京,国轩高科,BMS算法,18-26万,gotion.zhiye.com,市场化/上市民企,B档·稳一稳,主力投递；匹配度较高，建议批量投递并持续复盘。,
181,B档·主投线,3,市场化私企,南方重点,江苏,常州,中创新航(CALB),BMS算法校招,13-18万,calb.com.cn,市场化/上市民企,B档·稳一稳,主力投递；匹配度较高，建议批量投递并持续复盘。,
182,B档·主投线,3,市场化私企,南方重点,江苏,苏州,固德威,储能EMS,16-24万,goodwe.zhiye.com,市场化/上市民企,B档·稳一稳,主力投递；匹配度较高，建议批量投递并持续复盘。,
183,B档·主投线,3,市场化私企,南方重点,上海,上海,派能科技,储能EMS/BMS,18-26万,pylontech.com.cn,市场化/上市民企,B档·稳一稳,主力投递；匹配度较高，建议批量投递并持续复盘。,
184,B档·主投线,3,市场化私企,全国/待核验,待补充,,BMS算法高级工程师(储能) | 合肥 | 1.4-2.3万·13薪,国轩高科,,,市场化/上市民企,待分类,方向匹配但来源分组较新，建议按主投池核验岗位要求。,
185,B档·主投线,3,市场化私企,全国/待核验,待补充,,储能/电池相关岗位 | 多地点,比亚迪,,,市场化/上市民企,待分类,方向匹配但来源分组较新，建议按主投池核验岗位要求。,
186,B档·主投线,3,市场化私企,全国/待核验,待补充,,储能安全与系统 / 电池安全与制造工艺 | 多地点,比亚迪,,,市场化/上市民企,待分类,方向匹配但来源分组较新，建议按主投池核验岗位要求。,
187,R档·研究院/事业线,4,研究院/事业单位,南方重点,广东,广州,南方电网储能科研院,储能技术/AI,高层次人才补贴,zhaopin.csg.cn,央企/央企子公司,体制内·研究院,适合技术/科研/稳定路线；重点看是否接收应届硕士。,
188,R档·研究院/事业线,4,研究院/事业单位,南方重点,广东,广州,南网储能科研院,储能/AI,高层次人才补贴,zhaopin.csg.cn,央企/央企子公司,体制内·研究院,适合技术/科研/稳定路线；重点看是否接收应届硕士。,
189,R档·研究院/事业线,4,研究院/事业单位,南方重点,广东,广州/深圳,南方电网储能,储能科研/自动化,硕士18-28万,zhaopin.csg.cn,央企/央企子公司,体制内·研究院,适合技术/科研/稳定路线；重点看是否接收应届硕士。,
190,R档·研究院/事业线,4,研究院/事业单位,南方重点,广东,广州/深圳,南方电网储能,储能科研/自动化控制,硕士18-28万,zhaopin.csg.cn,央企/央企子公司,体制内·研究院,适合技术/科研/稳定路线；重点看是否接收应届硕士。,
191,R档·研究院/事业线,4,研究院/事业单位,南方重点,广东,深圳,中石油深圳新能源研究院,央企/新能源/储能研发(中科院+中石油),20-35万,官网/猎聘,央企/央企子公司,P3,适合技术/科研/稳定路线；重点看是否接收应届硕士。,深圳新增(储能/BMS)
192,R档·研究院/事业线,4,研究院/事业单位,南方重点,浙江,浙江湖州,湖州工控技术研究院,算法开发(风光储氢),事业编制,浙大就业网,央企/央企子公司,体制内·研究院,适合技术/科研/稳定路线；重点看是否接收应届硕士。,
193,R档·研究院/事业线,4,研究院/事业单位,南方重点,浙江,浙江湖州,湖州工控技术研究院,算法开发工程师,事业编制,浙大就业网,研究院/事业单位,体制内·研究院,适合技术/科研/稳定路线；重点看是否接收应届硕士。,
194,R档·研究院/事业线,4,研究院/事业单位,南方重点,浙江,浙江湖州,湖州工控研究院,算法(储能/氢能),事业编制,浙大就业网,央企/央企子公司,体制内·研究院,适合技术/科研/稳定路线；重点看是否接收应届硕士。,
195,R档·研究院/事业线,4,研究院/事业单位,南方重点,浙江,浙江湖州,湖州工控研究院,算法开发,事业编制,浙大就业网,研究院/事业单位,体制内·研究院,适合技术/科研/稳定路线；重点看是否接收应届硕士。,
196,R档·研究院/事业线,4,研究院/事业单位,中南/华东备选,湖北,天津/武汉,中国汽研中心,新能源/算法,硕士15-22万,中汽中心招聘,研究院/事业单位,体制内·事业单位,适合技术/科研/稳定路线；重点看是否接收应届硕士。,
197,R档·研究院/事业线,4,研究院/事业单位,中南/华东备选,湖北,天津/武汉,中国汽车技术研究中心,新能源/算法,硕士15-22万,中汽中心招聘,研究院/事业单位,体制内·事业单位,适合技术/科研/稳定路线；重点看是否接收应届硕士。,
198,R档·研究院/事业线,4,研究院/事业单位,中南/华东备选,安徽,北京/合肥/成都等,大唐科研总院,控制工程/新能源,六险二金+安家费,大唐人才招聘,央企/央企子公司,体制内·研究院,适合技术/科研/稳定路线；重点看是否接收应届硕士。,
199,R档·研究院/事业线,4,研究院/事业单位,其他国内,京津冀,北京,华能清洁能源研究院,算法工程师/自动化,七险二金+北京落户,华能校招系统,央企/央企子公司,体制内·研究院,适合技术/科研/稳定路线；重点看是否接收应届硕士。,
200,R档·研究院/事业线,4,研究院/事业单位,其他国内,京津冀,北京,华能清能院,算法/自动化,七险二金+北京落户,华能校招系统,央企/央企子公司,体制内·研究院,适合技术/科研/稳定路线；重点看是否接收应届硕士。,
201,R档·研究院/事业线,4,研究院/事业单位,其他国内,京津冀,北京/成都等,大唐科研总院,控制/新能源,六险二金+安家费,大唐人才网,央企/央企子公司,体制内·研究院,适合技术/科研/稳定路线；重点看是否接收应届硕士。,
202,R档·研究院/事业线,4,研究院/事业单位,其他国内,京津冀,天津,中电科蓝天18所,BMS/电源,博士40-100万,dklt.zhiye.com,央企/央企子公司,体制内·研究院,适合技术/科研/稳定路线；重点看是否接收应届硕士。,
203,R档·研究院/事业线,4,研究院/事业单位,其他国内,京津冀,天津,中电科蓝天研究院(18所),BMS/电源系统/储能,博士40-100万,dklt.zhiye.com,央企/央企子公司,体制内·研究院,适合技术/科研/稳定路线；重点看是否接收应届硕士。,
204,R档·研究院/事业线,4,研究院/事业单位,其他国内,京津冀,天津,天津电气研究院,电气控制/储能,硕士15-22万,官网招聘,央企/央企子公司,体制内·研究院,适合技术/科研/稳定路线；重点看是否接收应届硕士。,
205,R档·研究院/事业线,4,研究院/事业单位,其他国内,京津冀,天津,天津电气研究院,电气/控制研发,事业编制,官网招聘,研究院/事业单位,体制内·研究院,适合技术/科研/稳定路线；重点看是否接收应届硕士。,
206,R档·研究院/事业线,4,研究院/事业单位,其他国内,京津冀,天津,天津电气科学研究院,电气控制/储能,硕士15-22万,官网招聘,央企/央企子公司,体制内·研究院,适合技术/科研/稳定路线；重点看是否接收应届硕士。,
207,R档·研究院/事业线,4,研究院/事业单位,其他国内,京津冀,天津,天津电气科学研究院,电气/控制研发,事业编制,官网招聘,研究院/事业单位,体制内·研究院,适合技术/科研/稳定路线；重点看是否接收应届硕士。,
208,R档·研究院/事业线,4,研究院/事业单位,其他国内,京津冀,天津/成都/西安,中石化工程研究院,智能低碳,央企编制,中石化人才网,央企/央企子公司,体制内·研究院,适合技术/科研/稳定路线；重点看是否接收应届硕士。,
209,R档·研究院/事业线,4,研究院/事业单位,其他国内,京津冀,天津/成都/西安,中石化工程设计研究院,智能低碳研究,央企编制,中石化人才招聘网,央企/央企子公司,体制内·研究院,适合技术/科研/稳定路线；重点看是否接收应届硕士。,
210,R档·研究院/事业线,4,研究院/事业单位,全国/待核验,待补充,,中国建研院（中国建筑科学研究院）,建筑电气/智能建造,科技型央企 · 北京,hr.cabr.com.cn:28895,央企/央企子公司,体制内·研究院,适合技术/科研/稳定路线；重点看是否接收应届硕士。,
211,R档·研究院/事业线,4,研究院/事业单位,全国/待核验,待补充,,中国铁建新能源产业技术研究院,储能技术研究所职员,央企新成立(2024.12) 北京 · 技术研究所,bjx.com.cn,央企/央企子公司,体制内·研究院,适合技术/科研/稳定路线；重点看是否接收应届硕士。,
212,C档·保底线,5,市场化私企,南方重点,广东,深圳,深圳盛弘股份(补充),储能BMS/PCS(已列入C档),14-20万,sinexcel.com,市场化/上市民企,C档·保底,用于拿面试和保底 offer，保持节奏但不要过度投入。,
213,C档·保底线,5,市场化私企,南方重点,广东,深圳,盛弘股份,储能BMS,14-20万,sinexcel.com,市场化/上市民企,C档·保底,用于拿面试和保底 offer，保持节奏但不要过度投入。,
214,C档·保底线,5,市场化私企,南方重点,广东,深圳,盛弘股份 (300693),储能BMS,14-20万,sinexcel.com,市场化/上市民企,C档·保底,用于拿面试和保底 offer，保持节奏但不要过度投入。,
215,C档·保底线,5,市场化私企,南方重点,浙江,宁波/上海,杉杉股份,BMS/能源管理,14-22万,shanshantech.com,市场化/上市民企,C档·保底,用于拿面试和保底 offer，保持节奏但不要过度投入。,
216,C档·保底线,5,市场化私企,南方重点,浙江,宁波/上海,杉杉股份 (600884),BMS/能源管理,14-22万,shanshantech.com,市场化/上市民企,C档·保底,用于拿面试和保底 offer，保持节奏但不要过度投入。,
217,N档·新设扩产待核验,6,新设扩产待核验,南方重点,福建,厦门,Ampace新能安,BMS/EMS算法,18-35万,ampace.hotjob.cn,市场化/民企或待核验,A档·冲一冲,先核验是否已有正式校招/社招入口，再决定是否投递。,
218,N档·新设扩产待核验,6,新设扩产待核验,南方重点,福建,厦门,北辰星储能,BMS/EMS技术,8-11万,BOSS直聘,市场化/民企或待核验,B档·稳一稳,先核验是否已有正式校招/社招入口，再决定是否投递。,
219,N档·新设扩产待核验,6,新设扩产待核验,南方重点,福建,厦门,北辰星储能,技术研发,7-9K/月,BOSS直聘,市场化/民企或待核验,C档·保底,先核验是否已有正式校招/社招入口，再决定是否投递。,
220,N档·新设扩产待核验,6,新设扩产待核验,南方重点,福建,厦门,厦门艾能星储能,储能电气(BMS/EMS),10-16万,厦门人才网,市场化/民企或待核验,C档·保底,先核验是否已有正式校招/社招入口，再决定是否投递。,
221,N档·新设扩产待核验,6,新设扩产待核验,南方重点,福建,厦门,拓普菲斯新能源,储能系统(BMS),12-18K/月,BOSS直聘,市场化/民企或待核验,C档·保底,先核验是否已有正式校招/社招入口，再决定是否投递。,
222,N档·新设扩产待核验,6,新设扩产待核验,南方重点,福建,厦门,索克曼能源,软件(UPS/BMS),10-12万,厦门人才网,市场化/民企或待核验,B档·稳一稳,先核验是否已有正式校招/社招入口，再决定是否投递。,
223,N档·新设扩产待核验,6,新设扩产待核验,南方重点,福建,厦门,索克曼能源,软件工程师,8-12K/月,厦门人才网,市场化/民企或待核验,C档·保底,先核验是否已有正式校招/社招入口，再决定是否投递。,
224,N档·新设扩产待核验,6,新设扩产待核验,南方重点,福建,宁德,储能电池EMS工程师（跨国公司，不卷）,25-40k·14薪,,,市场化/民企或待核验,V3/V4增量,先核验是否已有正式校招/社招入口，再决定是否投递。,
225,N档·新设扩产待核验,6,新设扩产待核验,南方重点,福建,福州,东南汽车,助理电控(BMS),6-11K/月,BOSS直聘,市场化/民企或待核验,B档·稳一稳,先核验是否已有正式校招/社招入口，再决定是否投递。,
226,N档·新设扩产待核验,6,新设扩产待核验,南方重点,福建,福州,智狐能源,EMS研发,20K+/月,北极星招聘,市场化/民企或待核验,C档·保底,先核验是否已有正式校招/社招入口，再决定是否投递。,
227,N档·新设扩产待核验,6,新设扩产待核验,南方重点,福建,福州,智狐能源,EMS（研发方向）,20K+/月,北极星招聘,市场化/民企或待核验,C档·保底,先核验是否已有正式校招/社招入口，再决定是否投递。,
228,N档·新设扩产待核验,6,新设扩产待核验,南方重点,福建,福州,飞毛腿动力科技,BMS算法/SOX,15-30K/月,福州人才网,市场化/民企或待核验,B档·稳一稳,先核验是否已有正式校招/社招入口，再决定是否投递。,
229,N档·新设扩产待核验,6,新设扩产待核验,南方重点,福建,福州,飞毛腿动力科技,BMS算法/SOX算法,15-30K/月,福州人才网/一览电池,市场化/民企或待核验,B档·稳一稳,先核验是否已有正式校招/社招入口，再决定是否投递。,
230,N档·新设扩产待核验,6,新设扩产待核验,南方重点,福建,福建,华电福新（华电福建）,水电/风电/光伏/储能,-,,市场化/民企或待核验,P2,先核验是否已有正式校招/社招入口，再决定是否投递。,央企存量，福建本地优选
231,N档·新设扩产待核验,6,新设扩产待核验,南方重点,福建,福建,国宁新储(福建),,母公司：国家电投+宁德时代（合资） · 10亿·国家电投+宁德时代,-,央企/央企子公司,新设/扩产·待核验,先核验是否已有正式校招/社招入口，再决定是否投递。,????? 储能技术
232,N档·新设扩产待核验,6,新设扩产待核验,南方重点,福建,福建多地,新能时代储能（宁德时代系）,储能全产业链,待核验,,市场化/上市民企,新设/扩产·待核验,先核验是否已有正式校招/社招入口，再决定是否投递。,待核验
233,N档·新设扩产待核验,6,新设扩产待核验,南方重点,福建,福建漳州,海辰储能 — 漳州基地,储能电芯,待核验,,市场化/民企或待核验,新设/扩产·待核验,先核验是否已有正式校招/社招入口，再决定是否投递。,待核验
234,N档·新设扩产待核验,6,新设扩产待核验,南方重点,福建,福建福州,国轩高科 — 福州基地,储能电池,待核验,,市场化/上市民企,新设/扩产·待核验,先核验是否已有正式校招/社招入口，再决定是否投递。,待核验
235,N档·新设扩产待核验,6,新设扩产待核验,南方重点,广东,东莞,ATL(新能源科技),BMS算法,18-26万,atlbattery.com,市场化/民企或待核验,B档·稳一稳,先核验是否已有正式校招/社招入口，再决定是否投递。,
236,N档·新设扩产待核验,6,新设扩产待核验,南方重点,广东,东莞,新能德(NVT),BMS算法,16-24万,nvt.com.cn,市场化/民企或待核验,B档·稳一稳,先核验是否已有正式校招/社招入口，再决定是否投递。,
237,N档·新设扩产待核验,6,新设扩产待核验,南方重点,广东,云浮,广州东信软件,EMS/调度高级工程师,,,市场化/民企或待核验,V3/V4增量,先核验是否已有正式校招/社招入口，再决定是否投递。,
238,N档·新设扩产待核验,6,新设扩产待核验,南方重点,广东,广东,广东储能产业发展,,母公司：广东能源集团+南网科技 · 20亿·南网科技+广东能源,-,央企/央企子公司,新设/扩产·待核验,先核验是否已有正式校招/社招入口，再决定是否投递。,???? 储能产业
239,N档·新设扩产待核验,6,新设扩产待核验,南方重点,广东,广东,广东新型储能国家研究院,,,-,央企/央企子公司,新设/扩产·待核验,先核验是否已有正式校招/社招入口，再决定是否投递。,
240,N档·新设扩产待核验,6,新设扩产待核验,南方重点,广东,广东佛山,海博思创 — 佛山基地,储能系统集成,待核验,,市场化/民企或待核验,新设/扩产·待核验,先核验是否已有正式校招/社招入口，再决定是否投递。,待核验
241,N档·新设扩产待核验,6,新设扩产待核验,南方重点,广东,广东惠州,中创新航 — 惠州基地,储能电池,待核验,,市场化/上市民企,新设/扩产·待核验,先核验是否已有正式校招/社招入口，再决定是否投递。,待核验
242,N档·新设扩产待核验,6,新设扩产待核验,南方重点,广东,广东惠州,宁德时代 — 惠州基地,储能电池产线,待核验,,市场化/上市民企,新设/扩产·待核验,先核验是否已有正式校招/社招入口，再决定是否投递。,待核验
243,N档·新设扩产待核验,6,新设扩产待核验,南方重点,广东,广东揭阳,比亚迪储能 — 揭阳基地,储能系统,待核验,,市场化/上市民企,新设/扩产·待核验,先核验是否已有正式校招/社招入口，再决定是否投递。,待核验
244,N档·新设扩产待核验,6,新设扩产待核验,南方重点,广东,广东汕尾,广东华电储能,,母公司：华电集团 · 1000万·华电集团,-,央企/央企子公司,新设/扩产·待核验,先核验是否已有正式校招/社招入口，再决定是否投递。,???? 独立储能电站
245,N档·新设扩产待核验,6,新设扩产待核验,南方重点,广东,广东湛江,远景动力 — 湛江基地,储能电池,待核验,,市场化/民企或待核验,新设/扩产·待核验,先核验是否已有正式校招/社招入口，再决定是否投递。,待核验
246,N档·新设扩产待核验,6,新设扩产待核验,南方重点,广东,广州,小鹏汽车,能量管理/控制,20-30万,campus.xiaopeng.com,市场化/民企或待核验,B档·稳一稳,先核验是否已有正式校招/社招入口，再决定是否投递。,
247,N档·新设扩产待核验,6,新设扩产待核验,南方重点,广东,广州,广州储能集团,,母公司：广州产投集团等（市属国企） · 20亿·广州产投等,gdg.com.cn,央企/央企子公司,新设/扩产·待核验,先核验是否已有正式校招/社招入口，再决定是否投递。,????? 电化学+机械储能
248,N档·新设扩产待核验,6,新设扩产待核验,南方重点,广东,广州,广州奥鹏能源,BMS软件,12-16万,BOSS直聘,市场化/民企或待核验,C档·保底,先核验是否已有正式校招/社招入口，再决定是否投递。,
249,N档·新设扩产待核验,6,新设扩产待核验,南方重点,广东,广州,广汽埃安,VCU/BMS控制,18-25万,campus.gac-nio.com,市场化/民企或待核验,B档·稳一稳,先核验是否已有正式校招/社招入口，再决定是否投递。,
250,N档·新设扩产待核验,6,新设扩产待核验,南方重点,广东,广州,广汽能源科技,BMS(广汽+埃安旗下),14-22万,job168.com,市场化/民企或待核验,体制内·央国企,先核验是否已有正式校招/社招入口，再决定是否投递。,
251,N档·新设扩产待核验,6,新设扩产待核验,南方重点,广东,广州,智光电气,储能EMS,12-18万,gzzg.com.cn,市场化/民企或待核验,C档·保底,先核验是否已有正式校招/社招入口，再决定是否投递。,
252,N档·新设扩产待核验,6,新设扩产待核验,南方重点,广东,广州,智光电气 (002169),储能EMS,12-18万,gzzg.com.cn,市场化/民企或待核验,C档·保底,先核验是否已有正式校招/社招入口，再决定是否投递。,
253,N档·新设扩产待核验,6,新设扩产待核验,南方重点,广东,广州,菲利斯太阳能,BMS软件,14-20万,BOSS直聘,市场化/民企或待核验,B档·稳一稳,先核验是否已有正式校招/社招入口，再决定是否投递。,
254,N档·新设扩产待核验,6,新设扩产待核验,南方重点,广东,广州南沙,广州星翼智慧能源,BMS/EMS(清华系创业),15-25万+期权,猎聘搜索,市场化/民企或待核验,体制内·央国企,先核验是否已有正式校招/社招入口，再决定是否投递。,
255,N档·新设扩产待核验,6,新设扩产待核验,南方重点,广东,广州天河,广州储能集团,EMS研发(八险二金),12-16万(八险二金),北极星招聘,市场化/民企或待核验,体制内·央国企,先核验是否已有正式校招/社招入口，再决定是否投递。,
256,N档·新设扩产待核验,6,新设扩产待核验,南方重点,广东,广州白云,菲利斯太阳能(补充),BMS/DSP/嵌入式(2000+人),12-18万+食宿,校招群1060633458,市场化/民企或待核验,体制内·央国企,先核验是否已有正式校招/社招入口，再决定是否投递。,
257,N档·新设扩产待核验,6,新设扩产待核验,南方重点,广东,惠州,华阳集团,BMS/控制算法,14-20万,foryougroup.com,市场化/民企或待核验,B档·稳一稳,先核验是否已有正式校招/社招入口，再决定是否投递。,
258,N档·新设扩产待核验,6,新设扩产待核验,南方重点,广东,惠州,华阳集团 (002906),BMS/控制算法,14-20万,foryougroup.com,市场化/民企或待核验,B档·稳一稳,先核验是否已有正式校招/社招入口，再决定是否投递。,
259,N档·新设扩产待核验,6,新设扩产待核验,南方重点,广东,惠州/深圳,德赛电池,BMS/EMS,14-22万,desaybattery.com,市场化/民企或待核验,B档·稳一稳,先核验是否已有正式校招/社招入口，再决定是否投递。,
260,N档·新设扩产待核验,6,新设扩产待核验,南方重点,广东,惠州/深圳,德赛电池 (000049),BMS/EMS,14-22万,desaybattery.com,市场化/民企或待核验,B档·稳一稳,先核验是否已有正式校招/社招入口，再决定是否投递。,
261,N档·新设扩产待核验,6,新设扩产待核验,南方重点,广东,杭州/苏州/深圳,艾罗能源 (688717),控制算法/BMS软件,20-30万,xiaozhao@solaxpower.com 科创板,市场化/民企或待核验,A档·冲一冲,先核验是否已有正式校招/社招入口，再决定是否投递。,
262,N档·新设扩产待核验,6,新设扩产待核验,南方重点,广东,深圳,EcoFlow正浩创新,BMS软件,22-35万,jobs.ecoflow.com,市场化/民企或待核验,A档·冲一冲,先核验是否已有正式校招/社招入口，再决定是否投递。,
263,N档·新设扩产待核验,6,新设扩产待核验,南方重点,广东,深圳,中国资源循环集团新能源科技有限公司,新能源/储能系统集成,-,,央企/央企子公司,P0,先核验是否已有正式校招/社招入口，再决定是否投递。,央企新设，待核验
264,N档·新设扩产待核验,6,新设扩产待核验,南方重点,广东,深圳,中国资源循环集团电池有限公司,电池管理系统/材料研发,-,,央企/央企子公司,P0,先核验是否已有正式校招/社招入口，再决定是否投递。,央企新设，待核验
265,N档·新设扩产待核验,6,新设扩产待核验,南方重点,广东,深圳,中资环新能源循环利用科技（深圳）,电池回收/新能源循环利用,-,,央企/央企子公司,P0,先核验是否已有正式校招/社招入口，再决定是否投递。,央企新设，待核验
266,N档·新设扩产待核验,6,新设扩产待核验,南方重点,广东,深圳,华宝新能,BMS/EMS,15-22万,hellobms.com,市场化/民企或待核验,B档·稳一稳,先核验是否已有正式校招/社招入口，再决定是否投递。,
267,N档·新设扩产待核验,6,新设扩产待核验,南方重点,广东,深圳,华美兴泰,BMS/PCS/EMS(海外储能),15-25万,BOSS直聘搜索,市场化/民企或待核验,体制内·央国企,先核验是否已有正式校招/社招入口，再决定是否投递。,
268,N档·新设扩产待核验,6,新设扩产待核验,南方重点,广东,深圳,南科动力,氢燃料控制,16-24万,BOSS直聘,市场化/民企或待核验,C档·保底,先核验是否已有正式校招/社招入口，再决定是否投递。,
269,N档·新设扩产待核验,6,新设扩产待核验,南方重点,广东,深圳,南科动力,氢燃料控制算法,16-24万,BOSS直聘搜索,市场化/民企或待核验,C档·保底,先核验是否已有正式校招/社招入口，再决定是否投递。,
270,N档·新设扩产待核验,6,新设扩产待核验,南方重点,广东,深圳,古瑞瓦特,储能控制,13-18万,growatt.com,市场化/民企或待核验,B档·稳一稳,先核验是否已有正式校招/社招入口，再决定是否投递。,
271,N档·新设扩产待核验,6,新设扩产待核验,南方重点,广东,深圳,和而泰,BMS/控制,12-16万,szhittech.com,市场化/民企或待核验,C档·保底,先核验是否已有正式校招/社招入口，再决定是否投递。,
272,N档·新设扩产待核验,6,新设扩产待核验,南方重点,广东,深圳,和而泰 (002402),BMS/控制,12-16万,szhittech.com,市场化/民企或待核验,C档·保底,先核验是否已有正式校招/社招入口，再决定是否投递。,
273,N档·新设扩产待核验,6,新设扩产待核验,南方重点,广东,深圳,安克创新,储能EMS算法工程师,,,市场化/民企或待核验,V3/V4增量,先核验是否已有正式校招/社招入口，再决定是否投递。,
274,N档·新设扩产待核验,6,新设扩产待核验,南方重点,广东,深圳,德兰明海(Bluetti),储能BMS/嵌入式(独角兽),18-30万,官网/猎聘,市场化/民企或待核验,体制内·央国企,先核验是否已有正式校招/社招入口，再决定是否投递。,
275,N档·新设扩产待核验,6,新设扩产待核验,南方重点,广东,深圳,朗科智能,BMS/控制,13-18万,longood.com,市场化/民企或待核验,C档·保底,先核验是否已有正式校招/社招入口，再决定是否投递。,
276,N档·新设扩产待核验,6,新设扩产待核验,南方重点,广东,深圳,朗科智能 (300543),BMS/控制,13-18万,longood.com,市场化/民企或待核验,C档·保底,先核验是否已有正式校招/社招入口，再决定是否投递。,
277,N档·新设扩产待核验,6,新设扩产待核验,南方重点,广东,深圳,未蓝新能源(Vilion),储能BMS/电池储能,14-22万,时代储能网,市场化/民企或待核验,P3,先核验是否已有正式校招/社招入口，再决定是否投递。,深圳新增(储能/BMS)
278,N档·新设扩产待核验,6,新设扩产待核验,南方重点,广东,深圳,汇川技术,电机控制/能源算法,22-35万,inovance.zhiye.com,市场化/民企或待核验,A档·冲一冲,先核验是否已有正式校招/社招入口，再决定是否投递。,
279,N档·新设扩产待核验,6,新设扩产待核验,南方重点,广东,深圳,深圳协能科技,BMS/储能系统,15-25万,BOSS直聘,市场化/民企或待核验,P3,先核验是否已有正式校招/社招入口，再决定是否投递。,深圳新增(储能/BMS)
280,N档·新设扩产待核验,6,新设扩产待核验,南方重点,广东,深圳,深圳南山热电,储能EMS,14-20万,北极星招聘,市场化/民企或待核验,C档·保底,先核验是否已有正式校招/社招入口，再决定是否投递。,
281,N档·新设扩产待核验,6,新设扩产待核验,南方重点,广东,深圳,深圳天邦达新能源,BMS/锂电池管理,14-22万,BOSS直聘搜索,市场化/民企或待核验,体制内·央国企,先核验是否已有正式校招/社招入口，再决定是否投递。,
282,N档·新设扩产待核验,6,新设扩产待核验,南方重点,广东,深圳,深圳易储数智能源,储能BMS软件(C++/嵌入式),18-28万,智联招聘,市场化/民企或待核验,P3,先核验是否已有正式校招/社招入口，再决定是否投递。,深圳新增(储能/BMS)
283,N档·新设扩产待核验,6,新设扩产待核验,南方重点,广东,深圳,深圳科华恒盛,储能EMS/电源系统,14-22万,北极星招聘,市场化/民企或待核验,体制内·央国企,先核验是否已有正式校招/社招入口，再决定是否投递。,
284,N档·新设扩产待核验,6,新设扩产待核验,南方重点,广东,深圳,科士达,储能EMS,12-18万,kstar.com.cn,市场化/民企或待核验,C档·保底,先核验是否已有正式校招/社招入口，再决定是否投递。,
285,N档·新设扩产待核验,6,新设扩产待核验,南方重点,广东,深圳,科士达 (002518),储能EMS,12-18万,kstar.com.cn,市场化/民企或待核验,C档·保底,先核验是否已有正式校招/社招入口，再决定是否投递。,
286,N档·新设扩产待核验,6,新设扩产待核验,南方重点,广东,深圳,科陆电子,储能EMS,13-18万,clou.com.cn,市场化/民企或待核验,C档·保底,先核验是否已有正式校招/社招入口，再决定是否投递。,
287,N档·新设扩产待核验,6,新设扩产待核验,南方重点,广东,深圳,科陆电子 (002121),储能EMS,13-18万,clou.com.cn,市场化/民企或待核验,C档·保底,先核验是否已有正式校招/社招入口，再决定是否投递。,
288,N档·新设扩产待核验,6,新设扩产待核验,南方重点,广东,深圳,英威腾,储能控制,13-20万,invt.com.cn,市场化/民企或待核验,C档·保底,先核验是否已有正式校招/社招入口，再决定是否投递。,
289,N档·新设扩产待核验,6,新设扩产待核验,南方重点,广东,深圳,英威腾 (002334),储能控制,13-20万,invt.com.cn,市场化/民企或待核验,C档·保底,先核验是否已有正式校招/社招入口，再决定是否投递。,
290,N档·新设扩产待核验,6,新设扩产待核验,南方重点,广东,深圳,英飞源,EMS/BMS/算法,20-30万,inflytech.com,市场化/民企或待核验,A档·冲一冲,先核验是否已有正式校招/社招入口，再决定是否投递。,
291,N档·新设扩产待核验,6,新设扩产待核验,南方重点,广东,深圳,豪鹏科技,BMS软件/AI仿真,22-37万,highpowertech.com,市场化/民企或待核验,A档·冲一冲,先核验是否已有正式校招/社招入口，再决定是否投递。,
292,N档·新设扩产待核验,6,新设扩产待核验,南方重点,广东,深圳,豪鹏科技 (001283),BMS软件/AI仿真,22-37万,highpowertech.com,市场化/民企或待核验,A档·冲一冲,先核验是否已有正式校招/社招入口，再决定是否投递。,
293,N档·新设扩产待核验,6,新设扩产待核验,南方重点,广东,深圳,首航新能源,储能BMS/EMS,13-18万,solarinverter.com.cn,市场化/民企或待核验,B档·稳一稳,先核验是否已有正式校招/社招入口，再决定是否投递。,
294,N档·新设扩产待核验,6,新设扩产待核验,南方重点,广东,珠海/深圳,长园能源(长园集团),储能EMS/BMS,14-22万,官网校招,市场化/民企或待核验,体制内·央国企,先核验是否已有正式校招/社招入口，再决定是否投递。,
295,N档·新设扩产待核验,6,新设扩产待核验,南方重点,广东,阳江/防城港/台山/惠州,中国广核 CGN,核工程、电气、能动、自动化,20-30万,cgn.hotjob.cn,市场化/民企或待核验,B档·稳一稳,先核验是否已有正式校招/社招入口，再决定是否投递。,
296,N档·新设扩产待核验,6,新设扩产待核验,南方重点,浙江,嘉兴,昱能科技,储能EMS,13-18万,ynf-tech.com,市场化/民企或待核验,B档·稳一稳,先核验是否已有正式校招/社招入口，再决定是否投递。,
297,N档·新设扩产待核验,6,新设扩产待核验,南方重点,浙江,嘉兴,昱能科技 (688348),储能EMS,13-18万,ynf-tech.com,市场化/民企或待核验,B档·稳一稳,先核验是否已有正式校招/社招入口，再决定是否投递。,
298,N档·新设扩产待核验,6,新设扩产待核验,南方重点,浙江,杭州,华塑科技,储能BMS,16-24万,huasucn.com,市场化/民企或待核验,A档·冲一冲,先核验是否已有正式校招/社招入口，再决定是否投递。,
299,N档·新设扩产待核验,6,新设扩产待核验,南方重点,浙江,杭州,华塑科技 (301157),储能BMS,16-24万,huasucn.com,市场化/民企或待核验,A档·冲一冲,先核验是否已有正式校招/社招入口，再决定是否投递。,
300,N档·新设扩产待核验,6,新设扩产待核验,南方重点,浙江,杭州,协能科技(杭州),"BMS算法工程师(TOP第三方BMS, 专精特新小巨人)",18-30万,猎聘/官网,市场化/民企或待核验,P3,先核验是否已有正式校招/社招入口，再决定是否投递。,杭州新增(第三方BMS)
301,N档·新设扩产待核验,6,新设扩产待核验,南方重点,浙江,杭州,奥能电源(杭州),储能BMS算法(SOC/SOP/SOH)/13薪,24-36万(13薪),北极星储能招聘,市场化/民企或待核验,P3,先核验是否已有正式校招/社招入口，再决定是否投递。,杭州新增(第三方BMS)
302,N档·新设扩产待核验,6,新设扩产待核验,南方重点,浙江,杭州,杭州德创电子,微网EMS/BMS/光伏控制,12-18万,BOSS直聘搜索,市场化/民企或待核验,体制内·央国企,先核验是否已有正式校招/社招入口，再决定是否投递。,
303,N档·新设扩产待核验,6,新设扩产待核验,南方重点,浙江,杭州,浙江华昱欣科技,智能算法/DSP控制(大华系),15-25万,"大华校招搜""华昱欣""",市场化/民企或待核验,体制内·央国企,先核验是否已有正式校招/社招入口，再决定是否投递。,
304,N档·新设扩产待核验,6,新设扩产待核验,南方重点,浙江,杭州,科工电子,储能BMS/EMS,18-28万,kegongdz.com,市场化/民企或待核验,A档·冲一冲,先核验是否已有正式校招/社招入口，再决定是否投递。,
305,N档·新设扩产待核验,6,新设扩产待核验,南方重点,浙江,杭州,科工电子 (874963),储能BMS/EMS,18-28万,kegongdz.com → 加入我们,市场化/民企或待核验,A档·冲一冲,先核验是否已有正式校招/社招入口，再决定是否投递。,
306,N档·新设扩产待核验,6,新设扩产待核验,南方重点,浙江,杭州,谱地新能源,BMS/嵌入式,12-16万,BOSS/智联,市场化/民企或待核验,B档·稳一稳,先核验是否已有正式校招/社招入口，再决定是否投递。,
307,N档·新设扩产待核验,6,新设扩产待核验,南方重点,浙江,杭州,高泰昊能,动力BMS/EMS,18-26万,qualtech.com.cn,市场化/民企或待核验,A档·冲一冲,先核验是否已有正式校招/社招入口，再决定是否投递。,
308,N档·新设扩产待核验,6,新设扩产待核验,南方重点,浙江,杭州,高特电子,储能BMS算法,20-30万,cngt.com,市场化/民企或待核验,A档·冲一冲,先核验是否已有正式校招/社招入口，再决定是否投递。,
309,N档·新设扩产待核验,6,新设扩产待核验,南方重点,浙江,杭州,高特电子 (301669),储能BMS算法,20-30万,cngt.com → 招贤纳士,市场化/民企或待核验,A档·冲一冲,先核验是否已有正式校招/社招入口，再决定是否投递。,
310,N档·新设扩产待核验,6,新设扩产待核验,南方重点,浙江,杭州/上海,正泰电源,储能EMS,14-20万,chintpowersource.com,市场化/民企或待核验,B档·稳一稳,先核验是否已有正式校招/社招入口，再决定是否投递。,
311,N档·新设扩产待核验,6,新设扩产待核验,南方重点,浙江,杭州/武汉,华昱欣(全国布局),储能算法/DSP控制,15-25万,大华校招系统,市场化/民企或待核验,体制内·央国企,先核验是否已有正式校招/社招入口，再决定是否投递。,
312,N档·新设扩产待核验,6,新设扩产待核验,南方重点,浙江,杭州/鄂州,南都电源(300068),BMS软件开发/EMS测试,16-26万,官网校招,市场化/民企或待核验,体制内·央国企,先核验是否已有正式校招/社招入口，再决定是否投递。,
313,N档·新设扩产待核验,6,新设扩产待核验,南方重点,浙江,浙江杭州,三花储能 — 杭州基地,储能热管理/集成,待核验,,市场化/民企或待核验,新设/扩产·待核验,先核验是否已有正式校招/社招入口，再决定是否投递。,待核验
314,N档·新设扩产待核验,6,新设扩产待核验,南方重点,江苏,北京/武汉/南京,航天科工集团,电源/控制/算法,,关注各校就业网,市场化/民企或待核验,体制内·特殊赛道,先核验是否已有正式校招/社招入口，再决定是否投递。,关注各校就业网
315,N档·新设扩产待核验,6,新设扩产待核验,南方重点,江苏,南京,储能EMS软件开发工程师,20-35k,,,市场化/民企或待核验,V3/V4增量,先核验是否已有正式校招/社招入口，再决定是否投递。,
316,N档·新设扩产待核验,6,新设扩产待核验,南方重点,江苏,常州,亿晶光电,储能系统,12-16万,egingpv.com,市场化/民企或待核验,C档·保底,先核验是否已有正式校招/社招入口，再决定是否投递。,
317,N档·新设扩产待核验,6,新设扩产待核验,南方重点,江苏,常州,亿晶光电 (600537),储能系统,12-16万,egingpv.com,市场化/民企或待核验,C档·保底,先核验是否已有正式校招/社招入口，再决定是否投递。,
318,N档·新设扩产待核验,6,新设扩产待核验,南方重点,江苏,武汉/南通,沃太能源(武汉有岗),储能BMS/EMS(专精特新),18-30万,官网校招,市场化/民企或待核验,体制内·央国企,先核验是否已有正式校招/社招入口，再决定是否投递。,
319,N档·新设扩产待核验,6,新设扩产待核验,南方重点,江苏,江苏太仓,瑞浦兰钧 — 太仓基地,储能电池,待核验,,市场化/民企或待核验,新设/扩产·待核验,先核验是否已有正式校招/社招入口，再决定是否投递。,待核验
320,N档·新设扩产待核验,6,新设扩产待核验,南方重点,江苏,苏州常熟,正力新能,BMS硬件/电子电气,14-18万,campus.zenergy.cn,市场化/民企或待核验,B档·稳一稳,先核验是否已有正式校招/社招入口，再决定是否投递。,
321,N档·新设扩产待核验,6,新设扩产待核验,南方重点,江苏,西安/南京/武汉,经纬恒润,BMS/VCU算法,22-45万,zhaopin.hirain.com,市场化/民企或待核验,A档·冲一冲,先核验是否已有正式校招/社招入口，再决定是否投递。,
322,N档·新设扩产待核验,6,新设扩产待核验,南方重点,上海,上海,中国数联物流信息有限公司,数据/IT/数字化,,chinaunidata.com,央企/央企子公司,新设/扩产·待核验,先核验是否已有正式校招/社招入口，再决定是否投递。,
323,N档·新设扩产待核验,6,新设扩产待核验,南方重点,上海,上海,中国电气装备集团储能科技,,母公司：中国电气装备集团 · 20亿·央企储能头部,campus.51job.com/cnkj2026,央企/央企子公司,新设/扩产·待核验,先核验是否已有正式校招/社招入口，再决定是否投递。,????? EMS/PCS/BMS
324,N档·新设扩产待核验,6,新设扩产待核验,南方重点,上海,上海,布鲁珀恩特电力,网侧储能电站EMS工程师,,,市场化/民企或待核验,V3/V4增量,先核验是否已有正式校招/社招入口，再决定是否投递。,
325,N档·新设扩产待核验,6,新设扩产待核验,南方重点,上海,上海,弘正储能,BMS硬件/软件,18-30万,hr.bjx.com.cn,市场化/民企或待核验,B档·稳一稳,先核验是否已有正式校招/社招入口，再决定是否投递。,
326,N档·新设扩产待核验,6,新设扩产待核验,南方重点,上海,上海,生产一致性工程师（储能方向）,2026校招,,,市场化/民企或待核验,V3/V4增量,先核验是否已有正式校招/社招入口，再决定是否投递。,
327,N档·新设扩产待核验,6,新设扩产待核验,南方重点,上海,上海,能建时代新能源科技,,母公司：中国能建+宁德时代（合资） · 6亿·中国能建+宁德时代,ceec.iguopin.com,央企/央企子公司,新设/扩产·待核验,先核验是否已有正式校招/社招入口，再决定是否投递。,????? 储能投建营
328,N档·新设扩产待核验,6,新设扩产待核验,中南/华东备选,湖北,武汉,BMS系统工程师,1.3-2.5万·14薪 / 3-5年,,,市场化/民企或待核验,V3/V4增量,先核验是否已有正式校招/社招入口，再决定是否投递。,
329,N档·新设扩产待核验,6,新设扩产待核验,中南/华东备选,湖北,武汉,中步擎天新能源,储能系统,10-16万,BOSS直聘,市场化/民企或待核验,B档·稳一稳,先核验是否已有正式校招/社招入口，再决定是否投递。,
330,N档·新设扩产待核验,6,新设扩产待核验,中南/华东备选,湖北,武汉,岚图汽车(东风旗下),新能源BMS/VCU控制,20-35万,校招官网,市场化/民企或待核验,体制内·央国企,先核验是否已有正式校招/社招入口，再决定是否投递。,
331,N档·新设扩产待核验,6,新设扩产待核验,中南/华东备选,湖北,武汉,彼欧(Opmobility),BMS工程师,25-40Kx15薪,猎聘,市场化/民企或待核验,B档·稳一稳,先核验是否已有正式校招/社招入口，再决定是否投递。,
332,N档·新设扩产待核验,6,新设扩产待核验,中南/华东备选,湖北,武汉,楚能新能源,BMS/EMS系统开发,18-36万,cnenergy.com.cn,市场化/民企或待核验,A档·冲一冲,先核验是否已有正式校招/社招入口，再决定是否投递。,
333,N档·新设扩产待核验,6,新设扩产待核验,中南/华东备选,湖北,武汉,武汉大全能源技术,电力电子软件/电气,12-22万(13薪),北极星招聘,市场化/民企或待核验,体制内·央国企,先核验是否已有正式校招/社招入口，再决定是否投递。,
334,N档·新设扩产待核验,6,新设扩产待核验,中南/华东备选,湖北,武汉,武汉珠和辰仁,储能系统,10-20万,BOSS直聘,市场化/民企或待核验,C档·保底,先核验是否已有正式校招/社招入口，再决定是否投递。,
335,N档·新设扩产待核验,6,新设扩产待核验,中南/华东备选,湖北,武汉,武汉菱电电控,EMS/电控,15-22万,lingdian.com.cn,市场化/民企或待核验,B档·稳一稳,先核验是否已有正式校招/社招入口，再决定是否投递。,
336,N档·新设扩产待核验,6,新设扩产待核验,中南/华东备选,湖北,武汉,武汉菱电电控 (688667),EMS/电控,15-22万,lingdian.com.cn,市场化/民企或待核验,B档·稳一稳,先核验是否已有正式校招/社招入口，再决定是否投递。,
337,N档·新设扩产待核验,6,新设扩产待核验,中南/华东备选,湖北,武汉,骆驼集团(武汉),BMS工程师,20-28万,一览电池英才网,市场化/民企或待核验,A档·冲一冲,先核验是否已有正式校招/社招入口，再决定是否投递。,
338,N档·新设扩产待核验,6,新设扩产待核验,中南/华东备选,湖北,武汉,骆驼集团(武汉光谷),BMS工程师-软件,20-28万,一览电池英才网,市场化/民企或待核验,A档·冲一冲,先核验是否已有正式校招/社招入口，再决定是否投递。,
339,N档·新设扩产待核验,6,新设扩产待核验,中南/华东备选,湖北,武汉/全国,华昱欣科技,控制软件/嵌入式,15-22万,2026校招,市场化/民企或待核验,B档·稳一稳,先核验是否已有正式校招/社招入口，再决定是否投递。,
340,N档·新设扩产待核验,6,新设扩产待核验,中南/华东备选,湖北,武汉光谷,巨安储能武汉科技,BMS开发(C++/Linux),18-36万(13薪),BOSS直聘搜索,市场化/民企或待核验,体制内·央国企,先核验是否已有正式校招/社招入口，再决定是否投递。,
341,N档·新设扩产待核验,6,新设扩产待核验,中南/华东备选,湖北,武汉光谷,武汉吉兆储能科技,BMS软件(液态金属电池),15-25万,BOSS直聘搜索,市场化/民企或待核验,体制内·央国企,先核验是否已有正式校招/社招入口，再决定是否投递。,
342,N档·新设扩产待核验,6,新设扩产待核验,中南/华东备选,湖北,武汉洪山,君安储能(武汉),BMS/EMS 研发工程师(院士团队),18万+/月,高校就业网,市场化/民企或待核验,体制内·央国企,先核验是否已有正式校招/社招入口，再决定是否投递。,
343,N档·新设扩产待核验,6,新设扩产待核验,中南/华东备选,湖南,长沙,三一集团,BMS算法,30-60万,sany.com.cn,市场化/民企或待核验,A档·冲一冲,先核验是否已有正式校招/社招入口，再决定是否投递。,
344,N档·新设扩产待核验,6,新设扩产待核验,中南/华东备选,湖南,长沙,三一集团,BMS算法工程师,30-60万,sany.com.cn → 加入三一,市场化/民企或待核验,A档·冲一冲,先核验是否已有正式校招/社招入口，再决定是否投递。,
345,N档·新设扩产待核验,6,新设扩产待核验,中南/华东备选,湖南,长沙,华思系统,BMS/EMS嵌入式,15-22万,2026校招,市场化/民企或待核验,B档·稳一稳,先核验是否已有正式校招/社招入口，再决定是否投递。,
346,N档·新设扩产待核验,6,新设扩产待核验,中南/华东备选,湖南,长沙,华自科技,储能EMS/算法,15-20万,cshnac.com,市场化/民企或待核验,A档·冲一冲,先核验是否已有正式校招/社招入口，再决定是否投递。,
347,N档·新设扩产待核验,6,新设扩产待核验,中南/华东备选,湖南,长沙,华自科技 (300490),储能EMS/算法,15-20万,cshnac.com,市场化/民企或待核验,A档·冲一冲,先核验是否已有正式校招/社招入口，再决定是否投递。,
348,N档·新设扩产待核验,6,新设扩产待核验,中南/华东备选,湖南,长沙,湖南奕航新能源,BMS/EMS,8-15万,一览电池英才网,市场化/民企或待核验,B档·稳一稳,先核验是否已有正式校招/社招入口，再决定是否投递。,
349,N档·新设扩产待核验,6,新设扩产待核验,中南/华东备选,湖南,长沙,红太阳新能源,光储BMS/EMS,18-24万,北极星招聘,市场化/民企或待核验,B档·稳一稳,先核验是否已有正式校招/社招入口，再决定是否投递。,
350,N档·新设扩产待核验,6,新设扩产待核验,其他国内,京津冀,北京,EMS算法研发工程师,35-65k·15薪 / 10年以上,,,市场化/民企或待核验,V3/V4增量,先核验是否已有正式校招/社招入口，再决定是否投递。,
351,N档·新设扩产待核验,6,新设扩产待核验,其他国内,京津冀,北京,中国电建新型储能研究中心,,,-,央企/央企子公司,新设/扩产·待核验,先核验是否已有正式校招/社招入口，再决定是否投递。,
352,N档·新设扩产待核验,6,新设扩产待核验,其他国内,京津冀,北京,中国铁建新能源产业技术研究院,,,bjx.com.cn,央企/央企子公司,新设/扩产·待核验,先核验是否已有正式校招/社招入口，再决定是否投递。,
353,N档·新设扩产待核验,6,新设扩产待核验,其他国内,京津冀,北京,中国长安汽车集团有限公司,含电池/新能源,,sasac.gov.cn,央企/央企子公司,新设/扩产·待核验,先核验是否已有正式校招/社招入口，再决定是否投递。,
354,N档·新设扩产待核验,6,新设扩产待核验,其他国内,京津冀,北京,中车四方(科创二十所),能量管理算法,20-35万,高校人才网搜索,市场化/民企或待核验,A档·冲一冲,先核验是否已有正式校招/社招入口，再决定是否投递。,
355,N档·新设扩产待核验,6,新设扩产待核验,其他国内,京津冀,北京,中车四方科创所,能量管理算法,20-35万,高校人才网,市场化/民企或待核验,B档·稳一稳,先核验是否已有正式校招/社招入口，再决定是否投递。,
356,N档·新设扩产待核验,6,新设扩产待核验,其他国内,京津冀,北京,维冠机电,储能EMS软件开发工程师,,,市场化/民企或待核验,V3/V4增量,先核验是否已有正式校招/社招入口，再决定是否投递。,
357,N档·新设扩产待核验,6,新设扩产待核验,其他国内,京津冀,天津,中国资源循环集团,环保/材料,,sasac.gov.cn,央企/央企子公司,新设/扩产·待核验,先核验是否已有正式校招/社招入口，再决定是否投递。,
358,N档·新设扩产待核验,6,新设扩产待核验,其他国内,京津冀,天津,中汽新能电池科技,,,faw-zhaopin.hotjob.cn,央企/央企子公司,新设/扩产·待核验,先核验是否已有正式校招/社招入口，再决定是否投递。,????? 电芯/BMS/全固态
359,N档·新设扩产待核验,6,新设扩产待核验,全国/待核验,全国/多地,全国多地,储能与售电相关岗位,部分支持居家办公,,,市场化/民企或待核验,V3/V4增量,先核验是否已有正式校招/社招入口，再决定是否投递。,
360,N档·新设扩产待核验,6,新设扩产待核验,全国/待核验,全国/多地,各地,三峡集团（抽水蓄能/水电）,电气、新能源、土木,20-30万,校招官网,市场化/民企或待核验,A档·冲一冲,先核验是否已有正式校招/社招入口，再决定是否投递。,
361,N档·新设扩产待核验,6,新设扩产待核验,全国/待核验,全国/多地,多地点,春招（含储能/电池相关）,,,,市场化/民企或待核验,V3/V4增量,先核验是否已有正式校招/社招入口，再决定是否投递。,
362,N档·新设扩产待核验,6,新设扩产待核验,其他国内,京津冀,保定,BMS工程师,面议 / 算法/测试双方向,,,市场化/民企或待核验,V3/V4增量,先核验是否已有正式校招/社招入口，再决定是否投递。,
363,N档·新设扩产待核验,6,新设扩产待核验,其他国内,山东,山东,中石油济柴时代(山东),,母公司：中石油+宁德时代（合资） · 7700万·中石油+宁德时代,-,央企/央企子公司,新设/扩产·待核验,先核验是否已有正式校招/社招入口，再决定是否投递。,???? 储能技术服务
364,N档·新设扩产待核验,6,新设扩产待核验,海外,海外,USA,Uplight,Senior Software Engineer - VPP,,,市场化/民企或待核验,V3/V4增量,先核验是否已有正式校招/社招入口，再决定是否投递。,
365,N档·新设扩产待核验,6,新设扩产待核验,海外,海外,德国,1Komma5°,VPP Optimization Engineer,,,市场化/民企或待核验,V3/V4增量,先核验是否已有正式校招/社招入口，再决定是否投递。,
366,N档·新设扩产待核验,6,新设扩产待核验,全国/待核验,其他/待核验,13-20k,BMS大数据算法工程师,猎聘,,,市场化/民企或待核验,V3/V4增量,先核验是否已有正式校招/社招入口，再决定是否投递。,
367,N档·新设扩产待核验,6,新设扩产待核验,全国/待核验,其他/待核验,2026全球校招,储能安全与系统 / 电池安全与制造工艺,,,,市场化/民企或待核验,V3/V4增量,先核验是否已有正式校招/社招入口，再决定是否投递。,
368,N档·新设扩产待核验,6,新设扩产待核验,全国/待核验,其他/待核验,25-30k·15薪,算法工程师,猎聘,,,市场化/民企或待核验,V3/V4增量,先核验是否已有正式校招/社招入口，再决定是否投递。,
369,N档·新设扩产待核验,6,新设扩产待核验,全国/待核验,其他/待核验,3年及以上,薪资 3-5万·13薪,本科 / 北极星储能网,,,市场化/民企或待核验,V3/V4增量,先核验是否已有正式校招/社招入口，再决定是否投递。,
370,N档·新设扩产待核验,6,新设扩产待核验,全国/待核验,其他/待核验,大连,BMS算法工程师（电化学方向）,,,,市场化/民企或待核验,V3/V4增量,先核验是否已有正式校招/社招入口，再决定是否投递。,
371,N档·新设扩产待核验,6,新设扩产待核验,全国/待核验,其他/待核验,应届/实习,BMS策略与算法研发工程师,北京 / 15-20K/月,,,市场化/民企或待核验,V3/V4增量,先核验是否已有正式校招/社招入口，再决定是否投递。,
372,N档·新设扩产待核验,6,新设扩产待核验,全国/待核验,待补充,,2026春招 | 多地点,吉利控股,,,市场化/民企或待核验,待分类,先核验是否已有正式校招/社招入口，再决定是否投递。,
373,N档·新设扩产待核验,6,新设扩产待核验,全国/待核验,待补充,,2027届暑期实习生 | 北京/上海/广州,小鹏汽车,,,市场化/民企或待核验,待分类,先核验是否已有正式校招/社招入口，再决定是否投递。,
374,N档·新设扩产待核验,6,新设扩产待核验,全国/待核验,待补充,,AI算法/研发工程师 | 北京,远景智能,,,市场化/民企或待核验,待分类,先核验是否已有正式校招/社招入口，再决定是否投递。,
375,N档·新设扩产待核验,6,新设扩产待核验,全国/待核验,待补充,,BMS工程师 | 保定 | 3年以上经验,长城汽车,,,市场化/民企或待核验,待分类,先核验是否已有正式校招/社招入口，再决定是否投递。,
376,N档·新设扩产待核验,6,新设扩产待核验,全国/待核验,待补充,,BMS策略与算法研发工程师（应届/实习） | 北京 | 15-20K/月,昇科能源,,,市场化/民企或待核验,待分类,先核验是否已有正式校招/社招入口，再决定是否投递。,
377,N档·新设扩产待核验,6,新设扩产待核验,全国/待核验,待补充,,BMS算法工程师 | 东莞 | 经验不限,新能德科技(NVT),,,市场化/民企或待核验,待分类,先核验是否已有正式校招/社招入口，再决定是否投递。,
378,N档·新设扩产待核验,6,新设扩产待核验,全国/待核验,待补充,,BMS算法资深工程师 | 厦门 | 18-35k·18薪 | 硕士+4年以上,新能安,,,市场化/民企或待核验,待分类,先核验是否已有正式校招/社招入口，再决定是否投递。,
379,N档·新设扩产待核验,6,新设扩产待核验,全国/待核验,待补充,,"Jacksonville, FL",EMS System Lead,,,市场化/民企或待核验,V3/V4增量,先核验是否已有正式校招/社招入口，再决定是否投递。,
380,N档·新设扩产待核验,6,新设扩产待核验,全国/待核验,待补充,,ON.energy,EMS Deployment Engineer,,,市场化/民企或待核验,V3/V4增量,先核验是否已有正式校招/社招入口，再决定是否投递。,
381,N档·新设扩产待核验,6,新设扩产待核验,全国/待核验,待补充,,中资环深圳子公司,,,,央企/央企子公司,新设/扩产·待核验,先核验是否已有正式校招/社招入口，再决定是否投递。,立即查工商+国聘+BOSS
382,N档·新设扩产待核验,6,新设扩产待核验,全国/待核验,待补充,,云端BMS大数据(N9314) | 上海浦东新区 | 29-55K,小米,,,市场化/民企或待核验,待分类,先核验是否已有正式校招/社招入口，再决定是否投递。,
383,N档·新设扩产待核验,6,新设扩产待核验,全国/待核验,待补充,,全部企业,9月：正式批全面开启,,,市场化/民企或待核验,待分类,先核验是否已有正式校招/社招入口，再决定是否投递。,
384,N档·新设扩产待核验,6,新设扩产待核验,全国/待核验,待补充,,华为德国/奥地利研究所,Senior/Principal Engineer - EMS (BESS),,,市场化/民企或待核验,V3/V4增量,先核验是否已有正式校招/社招入口，再决定是否投递。,
385,N档·新设扩产待核验,6,新设扩产待核验,全国/待核验,待补充,,厦门大型新能源公司,EMS算法资深工程师,,,市场化/民企或待核验,V3/V4增量,先核验是否已有正式校招/社招入口，再决定是否投递。,
386,N档·新设扩产待核验,6,新设扩产待核验,全国/待核验,待补充,,可直接对标储能EMS/电池BMS算法岗位,1. DP/ECMS算法项目,,,市场化/民企或待核验,待分类,先核验是否已有正式校招/社招入口，再决定是否投递。,
387,N档·新设扩产待核验,6,新设扩产待核验,全国/待核验,待补充,,可胜任算法+工程开发,4. MATLAB+Python双栈,,,市场化/民企或待核验,待分类,先核验是否已有正式校招/社招入口，再决定是否投递。,
388,N档·新设扩产待核验,6,新设扩产待核验,全国/待核验,待补充,,完整工程实践,3. 三工况(WLTC/NEDC/CLTC)对比+敏感性分析,,,市场化/民企或待核验,待分类,先核验是否已有正式校招/社招入口，再决定是否投递。,
389,N档·新设扩产待核验,6,新设扩产待核验,全国/待核验,待补充,,小米、新能德科技,现在(6月)：部分企业提前批/春招补录,,,市场化/民企或待核验,待分类,先核验是否已有正式校招/社招入口，再决定是否投递。,
390,N档·新设扩产待核验,6,新设扩产待核验,全国/待核验,待补充,,技术面有差异化优势,5. 燃料电池+储能双背景,,,市场化/民企或待核验,待分类,先核验是否已有正式校招/社招入口，再决定是否投递。,
391,N档·新设扩产待核验,6,新设扩产待核验,全国/待核验,待补充,,未投递企业集中释放岗位,10月：补录黄金期,,,市场化/民企或待核验,待分类,先核验是否已有正式校招/社招入口，再决定是否投递。,
392,N档·新设扩产待核验,6,新设扩产待核验,全国/待核验,待补充,,校招 | 上海/合肥,蔚来(NIO),,,市场化/民企或待核验,待分类,先核验是否已有正式校招/社招入口，再决定是否投递。,
393,N档·新设扩产待核验,6,新设扩产待核验,全国/待核验,待补充,,校招（整车研发/算法与软件） | 北京/上海,理想汽车,,,市场化/民企或待核验,待分类,先核验是否已有正式校招/社招入口，再决定是否投递。,
394,N档·新设扩产待核验,6,新设扩产待核验,全国/待核验,待补充,,管培生 | 北京 | 15-00-20000元,北汽新能源,,,市场化/民企或待核验,待分类,先核验是否已有正式校招/社招入口，再决定是否投递。,
395,N档·新设扩产待核验,6,新设扩产待核验,全国/待核验,待补充,,证明算法实现能力,2. 501行numpy手写不依赖第三方优化库,,,市场化/民企或待核验,待分类,先核验是否已有正式校招/社招入口，再决定是否投递。,
396,A档·冲刺线,1,市场化私企,南方重点,广东,广东/多地,美的集团,EMS研究专家（储能算法控制）/能源调度、负荷预测、储能管理,面议,美的招聘官网/猎聘（待核验）,市场化/上市民企,本次补充,方向高度匹配，但可能偏社招/专家岗；优先核验是否有2027届、实习或校招通道。,本次新增；先核验岗位开放状态
