Time_s,TrueAngle,TrueAngVel,MeasAngle,EstAngle,EstAngVel,AngleErr,AngVelErr
0.0000,0.785398,0.000000,0.743044,0.735695,-0.064751,-0.049703,-0.064751
0.0100,0.785398,-0.069367,0.682057,0.707309,-0.151984,-0.078089,-0.082616
0.0200,0.784704,-0.138665,0.800663,0.742873,-0.135888,-0.041831,0.002777
0.0300,0.783318,-0.207845,0.716752,0.733067,-0.231796,-0.050251,-0.023951
0.0400,0.781239,-0.276860,0.738333,0.733192,-0.286070,-0.048048,-0.009210
0.0500,0.778471,-0.345661,0.621154,0.695874,-0.531633,-0.082597,-0.185972
0.0600,0.775014,-0.414201,0.847143,0.739744,-0.319158,-0.035270,0.095042
0.0700,0.770872,-0.482430,0.845363,0.770743,-0.189069,-0.000129,0.293360
0.0800,0.766048,-0.550300,0.817332,0.784099,-0.169835,0.018051,0.380464
0.0900,0.760545,-0.617761,0.748178,0.771639,-0.299717,0.011094,0.318044
0.1000,0.754367,-0.684765,0.922087,0.816822,-0.102193,0.062455,0.582572
0.1100,0.747520,-0.751262,0.777871,0.803922,-0.237223,0.056402,0.514039
0.1200,0.740007,-0.817202,0.764811,0.790083,-0.367105,0.050076,0.450097
0.1300,0.731835,-0.882532,0.758531,0.777743,-0.479912,0.045908,0.402621
0.1400,0.723010,-0.947204,0.847310,0.795971,-0.436603,0.072961,0.510601
0.1500,0.713538,-1.011164,0.731314,0.773014,-0.593477,0.059477,0.417687
0.1600,0.703426,-1.074360,0.877535,0.800999,-0.507348,0.097573,0.567013
0.1700,0.692682,-1.136741,0.641382,0.748654,-0.785409,0.055971,0.351332
0.1800,0.681315,-1.198251,0.885650,0.784942,-0.662846,0.103627,0.535404
0.1900,0.669332,-1.258837,0.726596,0.762608,-0.796728,0.093276,0.462109
0.2000,0.656744,-1.318446,0.675072,0.730557,-0.961018,0.073813,0.357428
0.2100,0.643560,-1.377022,0.749810,0.729656,-0.991230,0.086097,0.385792
0.2200,0.629789,-1.434509,0.821003,0.750213,-0.938592,0.120424,0.495917
0.2300,0.615444,-1.490853,0.937972,0.799993,-0.782387,0.184549,0.708466
0.2400,0.600536,-1.545997,0.688639,0.761174,-0.965961,0.160638,0.580037
0.2500,0.585076,-1.599886,0.530196,0.685400,-1.270913,0.100324,0.328973
0.2600,0.569077,-1.652463,0.455804,0.608032,-1.560113,0.038955,0.092351
0.2700,0.552552,-1.703673,0.570220,0.585822,-1.637482,0.033270,0.066191
0.2800,0.535516,-1.753458,0.589350,0.575358,-1.669981,0.039843,0.083477
0.2900,0.517981,-1.801763,0.539949,0.553111,-1.740236,0.035130,0.061527
0.3000,0.499963,-1.848533,0.480373,0.519328,-1.843924,0.019364,0.004609
0.3100,0.481478,-1.893713,0.537412,0.511685,-1.855783,0.030207,0.037931
0.3200,0.462541,-1.937249,0.314729,0.440465,-2.070222,-0.022076,-0.132974
0.3300,0.443168,-1.979086,0.356203,0.401024,-2.169033,-0.042145,-0.189947
0.3400,0.423378,-2.019173,0.516224,0.419644,-2.079759,-0.003733,-0.060586
0.3500,0.403186,-2.057457,0.429335,0.407815,-2.090076,0.004629,-0.032619
0.3600,0.382611,-2.093889,0.422947,0.397502,-2.094692,0.014891,-0.000803
0.3700,0.361672,-2.128420,0.451213,0.398473,-2.064594,0.036801,0.063826
0.3800,0.340388,-2.161004,0.295924,0.353803,-2.172236,0.013415,-0.011232
0.3900,0.318778,-2.191594,0.245229,0.306625,-2.279269,-0.012153,-0.087676
0.4000,0.296862,-2.220147,0.382859,0.312835,-2.221655,0.015972,-0.001508
0.4100,0.274661,-2.246623,0.278730,0.287139,-2.259733,0.012478,-0.013110
0.4200,0.252194,-2.270983,0.229941,0.254422,-2.314437,0.002227,-0.043454
0.4300,0.229485,-2.293191,0.203996,0.223303,-2.359643,-0.006182,-0.066452
0.4400,0.206553,-2.313213,0.183626,0.195009,-2.392365,-0.011544,-0.079151
0.4500,0.183421,-2.331019,0.089640,0.147304,-2.476170,-0.036116,-0.145150
0.4600,0.160110,-2.346581,0.144792,0.129036,-2.469857,-0.031075,-0.123276
0.4700,0.136645,-2.359874,0.129463,0.111666,-2.459544,-0.024978,-0.099669
0.4800,0.113046,-2.370878,-0.017052,0.056711,-2.552359,-0.056335,-0.181482
0.4900,0.089337,-2.379573,0.148459,0.065367,-2.460874,-0.023970,-0.081301
0.5000,0.065541,-2.385946,0.120854,0.064095,-2.400594,-0.001447,-0.014649
0.5100,0.041682,-2.389985,0.023042,0.035124,-2.418086,-0.006558,-0.028101
0.5200,0.017782,-2.391683,-0.028604,-0.000572,-2.450551,-0.018354,-0.058869
0.5300,-0.006135,-2.391035,0.124031,0.018324,-2.329969,0.024459,0.061066
0.5400,-0.030045,-2.388042,-0.116678,-0.037480,-2.417573,-0.007435,-0.029531
0.5500,-0.053926,-2.382707,-0.094723,-0.071276,-2.437484,-0.017350,-0.054776
0.5600,-0.077753,-2.375037,-0.029726,-0.076477,-2.376376,0.001276,-0.001339
0.5700,-0.101503,-2.365042,-0.028299,-0.079320,-2.310265,0.022183,0.054777
0.5800,-0.125153,-2.352737,-0.235735,-0.141181,-2.404118,-0.016028,-0.051381
0.5900,-0.148681,-2.338139,-0.204180,-0.176546,-2.418213,-0.027866,-0.080074
0.6000,-0.172062,-2.321268,-0.306531,-0.231478,-2.480690,-0.059416,-0.159422
0.6100,-0.195275,-2.302151,-0.188777,-0.236668,-2.403394,-0.041393,-0.101243
0.6200,-0.218296,-2.280814,-0.311932,-0.275587,-2.417620,-0.057290,-0.136806
0.6300,-0.241105,-2.257288,-0.277256,-0.293224,-2.371122,-0.052120,-0.113834
0.6400,-0.263677,-2.231607,-0.413606,-0.345016,-2.414976,-0.081339,-0.183369
0.6500,-0.285993,-2.203807,-0.244760,-0.333032,-2.283491,-0.047039,-0.079684
0.6600,-0.308032,-2.173928,-0.268100,-0.330377,-2.181564,-0.022346,-0.007635
0.6700,-0.329771,-2.142012,-0.387278,-0.362382,-2.174539,-0.032611,-0.032527
0.6800,-0.351191,-2.108103,-0.279372,-0.353709,-2.057105,-0.002518,0.050998
0.6900,-0.372272,-2.072247,-0.301062,-0.353020,-1.964874,0.019252,0.107372
0.7000,-0.392994,-2.034492,-0.461897,-0.398575,-1.997401,-0.005581,0.037091
0.7100,-0.413339,-1.994890,-0.428282,-0.421375,-1.964787,-0.008035,0.030102
0.7200,-0.433288,-1.953491,-0.350252,-0.414672,-1.853180,0.018616,0.100311
0.7300,-0.452823,-1.910349,-0.473844,-0.445001,-1.842909,0.007822,0.067441
0.7400,-0.471927,-1.865520,-0.625602,-0.510505,-1.922917,-0.038578,-0.057397
0.7500,-0.490582,-1.819058,-0.622672,-0.556710,-1.944191,-0.066129,-0.125134
0.7600,-0.508772,-1.771020,-0.537944,-0.565062,-1.861148,-0.056290,-0.090129
0.7700,-0.526483,-1.721464,-0.691326,-0.614921,-1.889241,-0.088438,-0.167777
0.7800,-0.543697,-1.670448,-0.535891,-0.605390,-1.755666,-0.061693,-0.085219
0.7900,-0.560402,-1.618030,-0.466624,-0.577570,-1.578172,-0.017168,0.039858
0.8000,-0.576582,-1.564269,-0.454481,-0.553041,-1.416549,0.023541,0.147720
0.8100,-0.592225,-1.509224,-0.548665,-0.561824,-1.349397,0.030401,0.159827
0.8200,-0.607317,-1.452955,-0.651730,-0.597498,-1.354293,0.009819,0.098662
0.8300,-0.621847,-1.395519,-0.771953,-0.657747,-1.420944,-0.035901,-0.025425
0.8400,-0.635802,-1.336977,-0.730488,-0.688945,-1.404397,-0.053144,-0.067420
0.8500,-0.649171,-1.277386,-0.625346,-0.680453,-1.281082,-0.031282,-0.003696
0.8600,-0.661945,-1.216805,-0.663937,-0.684751,-1.195581,-0.022806,0.021224
0.8700,-0.674113,-1.155290,-0.524204,-0.646635,-0.999952,0.027479,0.155338
0.8800,-0.685666,-1.092901,-0.648558,-0.654290,-0.933652,0.031376,0.159248
0.8900,-0.696595,-1.029692,-0.603466,-0.646163,-0.826891,0.050432,0.202801
0.9000,-0.706892,-0.965720,-0.781219,-0.691234,-0.864148,0.015658,0.101572
0.9100,-0.716549,-0.901041,-0.750321,-0.714518,-0.839410,0.002032,0.061631
0.9200,-0.725560,-0.835709,-0.603550,-0.688266,-0.682757,0.037293,0.152953
0.9300,-0.733917,-0.769779,-0.831109,-0.734574,-0.724048,-0.000657,0.045731
0.9400,-0.741615,-0.703303,-0.613937,-0.704697,-0.559464,0.036918,0.143840
0.9500,-0.748648,-0.636336,-0.625248,-0.685606,-0.430122,0.063041,0.206214
0.9600,-0.755011,-0.568928,-0.667222,-0.683323,-0.350188,0.071688,0.218739
0.9700,-0.760700,-0.501131,-1.021570,-0.783987,-0.544401,-0.023287,-0.043270
0.9800,-0.765712,-0.432997,-0.830443,-0.801335,-0.506056,-0.035623,-0.073059
0.9900,-0.770042,-0.364576,-0.775684,-0.797481,-0.411491,-0.027440,-0.046915
1.0000,-0.773687,-0.295917,-0.912672,-0.833838,-0.426287,-0.060151,-0.130370
1.0100,-0.776647,-0.227071,-0.671936,-0.789866,-0.225293,-0.013219,0.001779
1.0200,-0.778917,-0.158087,-0.680854,-0.759819,-0.069737,0.019099,0.088350
1.0300,-0.780498,-0.089013,-0.791430,-0.769491,-0.025879,0.011007,0.063133
1.0400,-0.781388,-0.019897,-0.610493,-0.723516,0.164872,0.057872,0.184770
1.0500,-0.781587,0.049211,-0.650704,-0.701209,0.284314,0.080378,0.235103
1.0600,-0.781095,0.118264,-0.685234,-0.694554,0.357392,0.086542,0.239127
1.0700,-0.779913,0.187214,-0.764630,-0.712359,0.363386,0.067554,0.176172
1.0800,-0.778040,0.256013,-0.772494,-0.727234,0.378304,0.050806,0.122292
1.0900,-0.775480,0.324611,-0.642995,-0.700099,0.504754,0.075381,0.180142
1.1000,-0.772234,0.392963,-0.807405,-0.727660,0.481470,0.044574,0.088508
1.1100,-0.768304,0.461018,-0.655122,-0.703190,0.598068,0.065114,0.137050
1.1200,-0.763694,0.528728,-0.696389,-0.696971,0.661535,0.066723,0.132807
1.1300,-0.758407,0.596045,-0.884118,-0.746589,0.575686,0.011818,-0.020359
1.1400,-0.752447,0.662919,-0.935766,-0.797404,0.492600,-0.044957,-0.170319
1.1500,-0.745817,0.729300,-0.747537,-0.779435,0.596730,-0.033618,-0.132569
1.1600,-0.738524,0.795138,-0.768465,-0.772016,0.668921,-0.033492,-0.126217
1.1700,-0.730573,0.860384,-0.827560,-0.783389,0.688967,-0.052816,-0.171417
1.1800,-0.721969,0.924985,-0.736712,-0.764951,0.788025,-0.042982,-0.136960
1.1900,-0.712719,0.988891,-0.650157,-0.726040,0.937172,-0.013320,-0.051719
1.2000,-0.702830,1.052049,-0.785711,-0.736708,0.948454,-0.033877,-0.103595
1.2100,-0.692310,1.114407,-0.807259,-0.750453,0.952104,-0.058143,-0.162303
1.2200,-0.681166,1.175912,-0.622362,-0.706519,1.108874,-0.025353,-0.067037
1.2300,-0.669407,1.236509,-0.728797,-0.705114,1.145915,-0.035707,-0.090594
1.2400,-0.657042,1.296146,-0.750434,-0.710133,1.164925,-0.053092,-0.131221
1.2500,-0.644080,1.354767,-0.570719,-0.661405,1.325391,-0.017325,-0.029376
1.2600,-0.630533,1.412317,-0.677778,-0.656749,1.361697,-0.026216,-0.050621
1.2700,-0.616409,1.468742,-0.764151,-0.678251,1.327901,-0.061841,-0.140842
1.2800,-0.601722,1.523986,-0.531454,-0.626228,1.489958,-0.024506,-0.034029
1.2900,-0.586482,1.577993,-0.577804,-0.601600,1.571505,-0.015118,-0.006488
1.3000,-0.570702,1.630707,-0.502838,-0.561789,1.688654,0.008913,0.057947
1.3100,-0.554395,1.682072,-0.469708,-0.523085,1.796363,0.031310,0.114291
1.3200,-0.537574,1.732033,-0.469126,-0.494679,1.870883,0.042896,0.138851
1.3300,-0.520254,1.780533,-0.579298,-0.505945,1.837308,0.014309,0.056775
1.3400,-0.502449,1.827518,-0.556026,-0.507429,1.831204,-0.004980,0.003686
1.3500,-0.484174,1.872933,-0.438438,-0.474417,1.915375,0.009756,0.042442
1.3600,-0.465444,1.916723,-0.451434,-0.454153,1.961168,0.011291,0.044444
1.3700,-0.446277,1.958836,-0.509971,-0.456418,1.945287,-0.010141,-0.013549
1.3800,-0.426689,1.999218,-0.311630,-0.400616,2.081164,0.026073,0.081946
1.3900,-0.406696,2.037818,-0.452768,-0.400964,2.062333,0.005732,0.024514
1.4000,-0.386318,2.074587,-0.339432,-0.368478,2.129379,0.017841,0.054792
1.4100,-0.365572,2.109474,-0.469413,-0.382628,2.070576,-0.017056,-0.038898
1.4200,-0.344478,2.142434,-0.200335,-0.315067,2.226716,0.029411,0.084282
1.4300,-0.323053,2.173420,-0.241523,-0.277932,2.293436,0.045122,0.120016
1.4400,-0.301319,2.202390,-0.273754,-0.260436,2.303971,0.040883,0.101581
1.4500,-0.279295,2.229302,-0.364263,-0.274179,2.231719,0.005116,0.002417
1.4600,-0.257002,2.254116,-0.293360,-0.263893,2.224919,-0.006891,-0.029197
1.4700,-0.234461,2.276798,-0.340086,-0.270183,2.174463,-0.035722,-0.102334
1.4800,-0.211693,2.297311,-0.147924,-0.219299,2.273833,-0.007606,-0.023479
1.4900,-0.188720,2.315626,-0.226299,-0.205182,2.270613,-0.016462,-0.045013
1.5000,-0.165564,2.331714,-0.219596,-0.193237,2.260522,-0.027673,-0.071192
1.5100,-0.142247,2.345550,-0.171254,-0.170812,2.276634,-0.028565,-0.068916
1.5200,-0.118791,2.357112,-0.097533,-0.133403,2.328851,-0.014612,-0.028262
1.5300,-0.095220,2.366381,-0.104734,-0.108555,2.343597,-0.013335,-0.022784
1.5400,-0.071556,2.373342,-0.152142,-0.104547,2.301735,-0.032991,-0.071606
1.5500,-0.047823,2.377982,-0.131212,-0.095931,2.272506,-0.048108,-0.105476
1.5600,-0.024043,2.380294,-0.086168,-0.076963,2.269936,-0.052920,-0.110358
1.5700,-0.000240,2.380272,0.035986,-0.028104,2.342700,-0.027864,-0.037572
1.5800,0.023563,2.377915,-0.064661,-0.022064,2.298262,-0.045627,-0.079653
1.5900,0.047342,2.373226,0.183671,0.053891,2.434766,0.006549,0.061541
1.6000,0.071074,2.366210,0.041212,0.067506,2.399364,-0.003568,0.033154
1.6100,0.094736,2.356877,0.190118,0.120085,2.464084,0.025348,0.107206
1.6200,0.118305,2.345241,0.092425,0.129566,2.410755,0.011261,0.065514
1.6300,0.141758,2.331317,0.132807,0.147625,2.380061,0.005868,0.048745
1.6400,0.165071,2.315126,0.117197,0.155707,2.322680,-0.009364,0.007555
1.6500,0.188222,2.296690,0.291966,0.211697,2.389727,0.023475,0.093037
1.6600,0.211189,2.276038,0.471002,0.303831,2.542962,0.092642,0.266924
1.6700,0.233949,2.253198,0.260067,0.309204,2.459217,0.075254,0.206019
1.6800,0.256481,2.228203,0.330567,0.332860,2.424485,0.076379,0.196281
1.6900,0.278763,2.201089,0.204822,0.312959,2.275711,0.034196,0.074622
1.7000,0.300774,2.171894,0.299883,0.325328,2.216328,0.024554,0.044434
1.7100,0.322493,2.140659,0.394994,0.361263,2.218438,0.038770,0.077778
1.7200,0.343900,2.107428,0.209590,0.333043,2.050879,-0.010857,-0.056549
1.7300,0.364974,2.072245,0.389745,0.364045,2.043964,-0.000929,-0.028281
1.7400,0.385696,2.035158,0.326984,0.367813,1.963750,-0.017883,-0.071408
1.7500,0.406048,1.996217,0.376975,0.384413,1.918631,-0.021635,-0.077586
1.7600,0.426010,1.955473,0.349504,0.387915,1.839213,-0.038095,-0.116260
1.7700,0.445565,1.912979,0.494197,0.431791,1.866430,-0.013774,-0.046549
1.7800,0.464695,1.868788,0.474976,0.457565,1.841982,-0.007129,-0.026806
1.7900,0.483383,1.822956,0.362689,0.443133,1.711384,-0.040249,-0.111572
1.8000,0.501612,1.775538,0.675544,0.522678,1.829997,0.021066,0.054459
1.8100,0.519367,1.726592,0.355817,0.487284,1.639358,-0.032083,-0.087234
1.8200,0.536633,1.676176,0.398056,0.473048,1.511981,-0.063586,-0.164194
1.8300,0.553395,1.624346,0.559206,0.508769,1.519456,-0.044626,-0.104890
1.8400,0.569639,1.571163,0.586912,0.542220,1.517745,-0.027419,-0.053417
1.8500,0.585350,1.516683,0.507723,0.542991,1.428016,-0.042359,-0.088668
1.8600,0.600517,1.460967,0.551954,0.555729,1.371874,-0.044788,-0.089094
1.8700,0.615127,1.404073,0.682957,0.602370,1.404743,-0.012757,0.000670
1.8800,0.629167,1.346059,0.636225,0.622163,1.362778,-0.007005,0.016719
1.8900,0.642628,1.286984,0.597553,0.624699,1.275211,-0.017929,-0.011773
1.9000,0.655498,1.226906,0.747292,0.669314,1.300028,0.013816,0.073123
1.9100,0.667767,1.165881,0.618596,0.663830,1.189381,-0.003937,0.023499
1.9200,0.679426,1.103969,0.646542,0.667258,1.105526,-0.012168,0.001557
1.9300,0.690465,1.041224,0.748660,0.698722,1.097316,0.008257,0.056092
1.9400,0.700878,0.977703,0.644797,0.690866,0.983619,-0.010012,0.005915
1.9500,0.710655,0.913462,0.576446,0.664649,0.825305,-0.046006,-0.088157
1.9600,0.719789,0.848555,0.803389,0.710764,0.863538,-0.009025,0.014983
1.9700,0.728275,0.783036,0.537032,0.666483,0.659427,-0.061792,-0.123610
1.9800,0.736105,0.716959,0.588828,0.648630,0.533810,-0.087475,-0.183149
1.9900,0.743275,0.650377,0.783978,0.691694,0.573200,-0.051581,-0.077177
2.0000,0.749779,0.583343,0.706711,0.700120,0.517141,-0.049658,-0.066202
2.0100,0.755612,0.515906,0.786432,0.728836,0.515360,-0.026776,-0.000546
2.0200,0.760771,0.448120,0.631341,0.704204,0.371088,-0.056567,-0.077032
2.0300,0.765252,0.380034,0.723359,0.712397,0.319005,-0.052856,-0.061029
2.0400,0.769053,0.311698,0.947456,0.782872,0.431754,0.013819,0.120056
2.0500,0.772170,0.243162,0.898419,0.819467,0.447250,0.047298,0.204088
2.0600,0.774601,0.174476,0.587132,0.755217,0.193582,-0.019384,0.019106
2.0700,0.776346,0.105687,0.798443,0.769137,0.157798,-0.007209,0.052111
2.0800,0.777403,0.036845,0.774414,0.771788,0.092246,-0.005615,0.055401
2.0900,0.777771,-0.032002,0.887299,0.805969,0.111611,0.028197,0.143613
2.1000,0.777451,-0.100807,0.798387,0.804560,0.034045,0.027109,0.134851
2.1100,0.776443,-0.169519,0.502038,0.716994,-0.269218,-0.059449,-0.099699
2.1200,0.774748,-0.238093,0.911580,0.771564,-0.182134,-0.003184,0.055959
2.1300,0.772367,-0.306480,0.909372,0.810270,-0.143279,0.037903,0.163201
2.1400,0.769302,-0.374630,0.792055,0.803966,-0.227086,0.034664,0.147544
2.1500,0.765556,-0.442498,0.705405,0.773747,-0.371427,0.008191,0.071071
2.1600,0.761131,-0.510032,0.568261,0.711466,-0.594468,-0.049665,-0.084436
2.1700,0.756031,-0.577186,0.682870,0.698947,-0.675288,-0.057084,-0.098102
2.1800,0.750259,-0.643909,0.709146,0.697114,-0.724756,-0.053145,-0.080847
2.1900,0.743820,-0.710152,0.720502,0.698758,-0.763584,-0.045062,-0.053432
2.2000,0.736718,-0.775866,0.865845,0.741830,-0.692396,0.005111,0.083470
2.2100,0.728960,-0.841000,0.840320,0.765497,-0.677399,0.036538,0.163601
2.2200,0.720550,-0.905503,0.540096,0.695278,-0.911936,-0.025272,-0.006433
2.2300,0.711495,-0.969323,0.676252,0.683283,-0.981439,-0.028211,-0.012116
2.2400,0.701801,-1.032410,0.763433,0.699576,-0.973682,-0.002225,0.058728
2.2500,0.691477,-1.094710,0.889015,0.747638,-0.883800,0.056161,0.210910
2.2600,0.680530,-1.156172,0.642800,0.710943,-1.022961,0.030413,0.133210
2.2700,0.668968,-1.216741,0.684926,0.696132,-1.098013,0.027163,0.118728
2.2800,0.656801,-1.276363,0.779592,0.712557,-1.087710,0.055756,0.188654
2.2900,0.644037,-1.334985,0.520313,0.649051,-1.289243,0.005013,0.045742
2.3000,0.630688,-1.392552,0.780004,0.677899,-1.237532,0.047211,0.155020
2.3100,0.616762,-1.449010,0.641111,0.658440,-1.316434,0.041678,0.132576
2.3200,0.602272,-1.504301,0.540501,0.614874,-1.454990,0.012602,0.049311
2.3300,0.587229,-1.558372,0.729851,0.637907,-1.411522,0.050678,0.146850
2.3400,0.571645,-1.611167,0.430103,0.567594,-1.615914,-0.004051,-0.004747
2.3500,0.555533,-1.662629,0.651691,0.580523,-1.590855,0.024989,0.071775
2.3600,0.538907,-1.712704,0.595760,0.573650,-1.619420,0.034743,0.093285
2.3700,0.521780,-1.761336,0.551396,0.555698,-1.675637,0.033918,0.085699
2.3800,0.504167,-1.808470,0.473691,0.520013,-1.775187,0.015846,0.033284
2.3900,0.486082,-1.854052,0.498955,0.501302,-1.824661,0.015220,0.029391
2.4000,0.467542,-1.898027,0.630839,0.525922,-1.758150,0.058380,0.139877
2.4100,0.448561,-1.940342,0.443487,0.489530,-1.854698,0.040969,0.085644
2.4200,0.429158,-1.980944,0.477061,0.472746,-1.894376,0.043588,0.086568
2.4300,0.409348,-2.019783,0.454026,0.453867,-1.936980,0.044519,0.082803
2.4400,0.389151,-2.056808,0.321983,0.401866,-2.062986,0.012715,-0.006177
2.4500,0.368583,-2.091971,0.403745,0.387764,-2.082321,0.019181,0.009650
2.4600,0.347663,-2.125224,0.388602,0.373222,-2.101014,0.025560,0.024210
2.4700,0.326411,-2.156521,0.437347,0.376900,-2.070597,0.050489,0.085924
2.4800,0.304845,-2.185820,0.342215,0.352140,-2.115148,0.047295,0.070672
2.4900,0.282987,-2.213079,0.322681,0.328580,-2.153115,0.045593,0.059963
2.5000,0.260856,-2.238258,0.310871,0.308157,-2.179747,0.047301,0.058511
2.5100,0.238474,-2.261320,0.342651,0.302681,-2.165044,0.064207,0.096276
2.5200,0.215861,-2.282232,0.338734,0.297760,-2.148802,0.081900,0.133430
2.5300,0.193038,-2.300962,0.086696,0.221310,-2.317704,0.028272,-0.016743
2.5400,0.170029,-2.317480,0.307833,0.229937,-2.254655,0.059908,0.062825
2.5500,0.146854,-2.331762,0.109986,0.179152,-2.347770,0.032298,-0.016007
2.5600,0.123536,-2.343785,-0.006879,0.108550,-2.484675,-0.014986,-0.140890
2.5700,0.100098,-2.353530,0.047138,0.073104,-2.520192,-0.026995,-0.166663
2.5800,0.076563,-2.360979,0.029044,0.042435,-2.538947,-0.034128,-0.177967
2.5900,0.052953,-2.366122,0.008111,0.014456,-2.547252,-0.038498,-0.181130
2.6000,0.029292,-2.368948,-0.003683,-0.008891,-2.540639,-0.038183,-0.171691
2.6100,0.005603,-2.369452,-0.055050,-0.040313,-2.552740,-0.045915,-0.183288
2.6200,-0.018092,-2.367632,-0.071649,-0.067524,-2.550576,-0.049432,-0.182943
2.6300,-0.041768,-2.363490,0.086471,-0.041001,-2.407230,0.000767,-0.043740
2.6400,-0.065403,-2.357030,-0.021965,-0.052579,-2.368579,0.012825,-0.011548
2.6500,-0.088973,-2.348262,0.071723,-0.033370,-2.250431,0.055603,0.097831
2.6600,-0.112456,-2.337197,0.087983,-0.014177,-2.137367,0.098279,0.199830
2.6700,-0.135828,-2.323851,-0.221544,-0.089461,-2.272881,0.046367,0.050970
2.6800,-0.159067,-2.308243,-0.166514,-0.127936,-2.302461,0.031131,0.005782
2.6900,-0.182149,-2.290396,-0.196002,-0.164016,-2.321327,0.018133,-0.030931
2.7000,-0.205053,-2.270336,-0.210106,-0.193860,-2.320103,0.011193,-0.049767
2.7100,-0.227756,-2.248090,-0.362048,-0.259087,-2.407395,-0.031331,-0.159305
2.7200,-0.250237,-2.223692,-0.055211,-0.217086,-2.209129,0.033151,0.014563
2.7300,-0.272474,-2.197175,-0.175418,-0.220695,-2.138025,0.051779,0.059150
2.7400,-0.294446,-2.168578,-0.377343,-0.281287,-2.215770,0.013159,-0.047192
2.7500,-0.316132,-2.137940,-0.220900,-0.279516,-2.124435,0.036616,0.013505
2.7600,-0.337511,-2.105303,-0.402477,-0.330247,-2.171538,0.007264,-0.066235
2.7700,-0.358564,-2.070713,-0.365591,-0.355913,-2.147784,0.002651,-0.077071
2.7800,-0.379271,-2.034216,-0.294179,-0.353267,-2.048948,0.026004,-0.014731
2.7900,-0.399613,-1.995861,-0.297875,-0.351757,-1.955930,0.047856,0.039931
2.8000,-0.419572,-1.955698,-0.390224,-0.376798,-1.934389,0.042774,0.021309
2.8100,-0.439129,-1.913780,-0.430320,-0.406052,-1.922068,0.033077,-0.008288
2.8200,-0.458267,-1.870159,-0.484017,-0.442305,-1.925615,0.015962,-0.055456
2.8300,-0.476968,-1.824890,-0.453597,-0.459252,-1.875700,0.017717,-0.050811
2.8400,-0.495217,-1.778028,-0.564299,-0.503030,-1.895402,-0.007813,-0.117374
2.8500,-0.512998,-1.729631,-0.406767,-0.488574,-1.759241,0.024424,-0.029610
2.8600,-0.530294,-1.679754,-0.608765,-0.535919,-1.788934,-0.005625,-0.109180
2.8700,-0.547091,-1.628457,-0.498928,-0.537893,-1.695555,0.009199,-0.067097
2.8800,-0.563376,-1.575796,-0.547629,-0.552755,-1.638137,0.010621,-0.062340
2.8900,-0.579134,-1.521831,-0.395935,-0.518903,-1.453823,0.060231,0.068008
2.9000,-0.594352,-1.466619,-0.556743,-0.540199,-1.421367,0.054153,0.045252
2.9100,-0.609018,-1.410219,-0.631251,-0.576700,-1.427704,0.032319,-0.017485
2.9200,-0.623121,-1.352690,-0.680104,-0.616829,-1.440358,0.006292,-0.087668
2.9300,-0.636648,-1.294089,-0.651300,-0.637053,-1.397403,-0.000406,-0.103315
2.9400,-0.649588,-1.234474,-0.613789,-0.640225,-1.309358,0.009363,-0.074884
2.9500,-0.661933,-1.173903,-0.659003,-0.654968,-1.253768,0.006965,-0.079866
2.9600,-0.673672,-1.112432,-0.727448,-0.684895,-1.238381,-0.011223,-0.125949
2.9700,-0.684796,-1.050119,-0.701988,-0.698645,-1.178674,-0.013849,-0.128555
2.9800,-0.695298,-0.987019,-0.788313,-0.733028,-1.173798,-0.037730,-0.186778
2.9900,-0.705168,-0.923188,-0.664967,-0.721612,-1.046043,-0.016444,-0.122855
3.0000,-0.714400,-0.858680,-0.715354,-0.727222,-0.967416,-0.012822,-0.108736
3.0100,-0.722987,-0.793550,-0.764387,-0.744873,-0.922253,-0.021887,-0.128703
3.0200,-0.730922,-0.727851,-0.793757,-0.765605,-0.885178,-0.034683,-0.157327
3.0300,-0.738201,-0.661636,-0.765568,-0.771877,-0.809505,-0.033677,-0.147869
3.0400,-0.744817,-0.594957,-0.657380,-0.744394,-0.646322,0.000423,-0.051365
3.0500,-0.750766,-0.527866,-0.671183,-0.727734,-0.518153,0.023033,0.009713
3.0600,-0.756045,-0.460414,-0.830312,-0.761183,-0.526992,-0.005138,-0.066578
3.0700,-0.760649,-0.392652,-0.852879,-0.791536,-0.525025,-0.030887,-0.132373
3.0800,-0.764576,-0.324630,-0.910039,-0.829656,-0.541560,-0.065081,-0.216930
3.0900,-0.767822,-0.256398,-0.814397,-0.829071,-0.452775,-0.061249,-0.196377
3.1000,-0.770386,-0.188004,-0.875811,-0.845851,-0.412435,-0.075465,-0.224430
3.1100,-0.772266,-0.119498,-0.658430,-0.794376,-0.191235,-0.022110,-0.071737
3.1200,-0.773461,-0.050928,-0.761783,-0.786272,-0.094522,-0.012811,-0.043593
3.1300,-0.773970,0.017657,-0.952834,-0.835294,-0.152304,-0.061323,-0.169961
3.1400,-0.773794,0.086209,-0.457989,-0.726848,0.211954,0.046946,0.125745
3.1500,-0.772932,0.154680,-0.826332,-0.754223,0.198914,0.018709,0.044234
3.1600,-0.771385,0.223023,-0.753165,-0.752504,0.265172,0.018881,0.042150
3.1700,-0.769155,0.291188,-0.800203,-0.764468,0.293345,0.004687,0.002157
3.1800,-0.766243,0.359128,-0.814776,-0.776988,0.320132,-0.010745,-0.038996
3.1900,-0.762652,0.426795,-0.610742,-0.726463,0.513606,0.036189,0.086811
3.2000,-0.758384,0.494140,-0.703908,-0.716271,0.591597,0.042113,0.097458
3.2100,-0.753442,0.561114,-0.804489,-0.737676,0.583365,0.015766,0.022251
3.2200,-0.747831,0.627668,-0.793561,-0.749755,0.601531,-0.001924,-0.026137
3.2300,-0.741554,0.693753,-0.645952,-0.715360,0.742615,0.026195,0.048862
3.2400,-0.734617,0.759320,-0.885165,-0.759369,0.670664,-0.024752,-0.088656
3.2500,-0.727024,0.824317,-0.817097,-0.771362,0.688232,-0.044338,-0.136085
3.2600,-0.718780,0.888695,-0.669278,-0.736851,0.828806,-0.018071,-0.059889
3.2700,-0.709894,0.952402,-0.670677,-0.711764,0.938195,-0.001870,-0.014206
3.2800,-0.700370,1.015386,-0.569369,-0.663780,1.103057,0.036590,0.087671
3.2900,-0.690216,1.077596,-0.805843,-0.697178,1.045467,-0.006962,-0.032129
3.3000,-0.679440,1.138979,-0.666808,-0.680944,1.122612,-0.001504,-0.016368
3.3100,-0.668050,1.199482,-0.631923,-0.658751,1.212084,0.009299,0.012602
3.3200,-0.656055,1.259051,-0.549478,-0.618439,1.344995,0.037616,0.085943
3.3300,-0.643465,1.317633,-0.642839,-0.615972,1.371701,0.027493,0.054068
3.3400,-0.630288,1.375172,-0.484179,-0.567995,1.516842,0.062293,0.141669
3.3500,-0.616537,1.431615,-0.660685,-0.584120,1.486148,0.032416,0.054533
3.3600,-0.602220,1.486906,-0.511774,-0.552581,1.582404,0.049639,0.095498
3.3700,-0.587351,1.540990,-0.510587,-0.529165,1.652163,0.058186,0.111172
3.3800,-0.571941,1.593812,-0.550162,-0.523527,1.671605,0.048414,0.077793
3.3900,-0.556003,1.645317,-0.593763,-0.532033,1.653147,0.023970,0.007830
3.4000,-0.539550,1.695448,-0.638991,-0.551321,1.607808,-0.011771,-0.087640
3.4100,-0.522596,1.744152,-0.455276,-0.512049,1.718101,0.010547,-0.026051
3.4200,-0.505154,1.791372,-0.481204,-0.490905,1.774782,0.014250,-0.016590
3.4300,-0.487240,1.837056,-0.338338,-0.434055,1.921157,0.053186,0.084102
3.4400,-0.468870,1.881148,-0.527252,-0.447445,1.875624,0.021425,-0.005523
3.4500,-0.450058,1.923596,-0.539522,-0.460832,1.832569,-0.010773,-0.091027
3.4600,-0.430822,1.964348,-0.245521,-0.385380,2.022944,0.045442,0.058597
3.4700,-0.411179,2.003352,-0.525293,-0.411591,1.937129,-0.000412,-0.066222
3.4800,-0.391145,2.040558,-0.353221,-0.380911,2.003811,0.010235,-0.036747
3.4900,-0.370740,2.075918,-0.443253,-0.384761,1.976269,-0.014021,-0.099649
3.5000,-0.349981,2.109384,-0.245819,-0.330440,2.100787,0.019540,-0.008597
3.5100,-0.328887,2.140911,-0.390318,-0.332886,2.069702,-0.003999,-0.071209
3.5200,-0.307478,2.170455,-0.379642,-0.331746,2.049000,-0.024269,-0.121455
3.5300,-0.285773,2.197975,-0.231541,-0.288144,2.138784,-0.002371,-0.059192
3.5400,-0.263793,2.223432,-0.479635,-0.328476,2.004702,-0.064683,-0.218730
3.5500,-0.241559,2.246787,-0.291039,-0.303387,2.047400,-0.061828,-0.199388
3.5600,-0.219091,2.268008,-0.225839,-0.266366,2.117497,-0.047275,-0.150511
3.5700,-0.196411,2.287061,-0.299782,-0.261018,2.100247,-0.064607,-0.186814
3.5800,-0.173541,2.303918,-0.209742,-0.231239,2.146167,-0.057698,-0.157751
3.5900,-0.150501,2.318553,-0.090882,-0.175309,2.255636,-0.024808,-0.062917
3.6000,-0.127316,2.330943,-0.131783,-0.146674,2.286201,-0.019358,-0.044742
3.6100,-0.104006,2.341068,-0.136583,-0.127514,2.288688,-0.023508,-0.052380
3.6200,-0.080596,2.348912,-0.172066,-0.124177,2.248395,-0.043581,-0.100517
3.6300,-0.057107,2.354461,-0.158289,-0.118099,2.215947,-0.060992,-0.138514
3.6400,-0.033562,2.357706,-0.107113,-0.099178,2.216929,-0.065616,-0.140776
3.6500,-0.009985,2.358640,0.028191,-0.046515,2.303117,-0.036530,-0.055523
3.6600,0.013602,2.357261,0.064822,0.002113,2.371416,-0.011489,0.014155
3.6700,0.037174,2.353569,0.072339,0.039309,2.403616,0.002135,0.050047
3.6800,0.060710,2.347570,-0.066850,0.025607,2.300011,-0.035103,-0.047558
3.6900,0.084185,2.339270,0.238523,0.103655,2.437192,0.019470,0.097922
3.7000,0.107578,2.328682,0.300357,0.177978,2.553467,0.070400,0.224785
3.7100,0.130865,2.315820,0.284022,0.226849,2.593772,0.095984,0.277952
3.7200,0.154023,2.300703,0.168008,0.228213,2.505657,0.074189,0.204954
3.7300,0.177030,2.283352,-0.001920,0.179299,2.289861,0.002268,0.006508
3.7400,0.199864,2.263793,0.279776,0.224685,2.328174,0.024821,0.064381
3.7500,0.222502,2.242053,0.291511,0.260589,2.336609,0.038088,0.094556
3.7600,0.244922,2.218163,0.234836,0.269717,2.272183,0.024794,0.054020
3.7700,0.267104,2.192157,0.214767,0.269922,2.185534,0.002819,-0.006623
3.7800,0.289025,2.164073,0.261764,0.283077,2.134679,-0.005948,-0.029394
3.7900,0.310666,2.133948,0.437868,0.343109,2.205261,0.032443,0.071313
3.8000,0.332006,2.101826,0.504507,0.405558,2.274677,0.073553,0.172851
3.8100,0.353024,2.067749,0.514180,0.453201,2.298250,0.100177,0.230501
3.8200,0.373701,2.031765,0.469125,0.474137,2.247686,0.100436,0.215921
3.8300,0.394019,1.993920,0.346102,0.452974,2.087206,0.058955,0.093286
3.8400,0.413958,1.954266,0.369039,0.443456,1.963142,0.029498,0.008876
3.8500,0.433501,1.912852,0.173019,0.378975,1.700248,-0.054526,-0.212604
3.8600,0.452629,1.869732,0.583087,0.450236,1.803348,-0.002393,-0.066384
3.8700,0.471327,1.824960,0.500386,0.477583,1.783082,0.006256,-0.041878
3.8800,0.489576,1.778591,0.623585,0.532582,1.832960,0.043006,0.054369
3.8900,0.507362,1.730681,0.357321,0.494771,1.635010,-0.012591,-0.095671
3.9000,0.524669,1.681286,0.514634,0.512140,1.589450,-0.012529,-0.091836
3.9100,0.541482,1.630464,0.506707,0.521849,1.523656,-0.019633,-0.106808
3.9200,0.557787,1.578272,0.669031,0.575353,1.573071,0.017567,-0.005201
3.9300,0.573569,1.524768,0.512706,0.568352,1.458749,-0.005218,-0.066020
3.9400,0.588817,1.470011,0.653406,0.603378,1.457900,0.014561,-0.012111
3.9500,0.603517,1.414059,0.593579,0.610886,1.382282,0.007369,-0.031776
3.9600,0.617658,1.356969,0.736259,0.657066,1.409334,0.039409,0.052365
3.9700,0.631227,1.298799,0.761814,0.697457,1.416932,0.066230,0.118133
3.9800,0.644215,1.239608,0.696476,0.707231,1.340971,0.063016,0.101362
3.9900,0.656611,1.179453,0.630927,0.694613,1.207480,0.038001,0.028027
4.0000,0.668406,1.118389,0.761458,0.722579,1.185274,0.054173,0.066884
4.0100,0.679590,1.056475,0.766291,0.743676,1.143548,0.064086,0.087073
4.0200,0.690155,0.993765,0.648869,0.724283,0.994757,0.034128,0.000992
4.0300,0.700092,0.930315,0.572883,0.687409,0.805350,-0.012683,-0.124965
4.0400,0.709395,0.866180,0.664535,0.686488,0.718650,-0.022908,-0.147530
4.0500,0.718057,0.801414,0.644280,0.679340,0.618003,-0.038717,-0.183411
4.0600,0.726071,0.736071,0.543982,0.644446,0.447622,-0.081625,-0.288449
4.0700,0.733432,0.670202,0.821191,0.698914,0.519726,-0.034518,-0.150476
4.0800,0.740134,0.603862,0.750397,0.717542,0.491427,-0.022592,-0.112434
4.0900,0.746173,0.537101,0.722291,0.722409,0.426305,-0.023764,-0.110795
4.1000,0.751544,0.469970,0.678222,0.712612,0.323993,-0.038931,-0.145977
4.1100,0.756243,0.402520,0.666100,0.701415,0.221508,-0.054829,-0.181012
4.1200,0.760269,0.334802,0.733285,0.712236,0.180643,-0.048033,-0.154159
4.1300,0.763617,0.266865,0.686427,0.706028,0.095248,-0.057588,-0.171617
4.1400,0.766285,0.198758,0.696610,0.703971,0.023579,-0.062314,-0.175179
4.1500,0.768273,0.130531,0.706251,0.704800,-0.038378,-0.063473,-0.168909
4.1600,0.769578,0.062231,0.708888,0.705714,-0.098480,-0.063864,-0.160711
4.1700,0.770200,-0.006092,0.786170,0.728363,-0.099791,-0.041838,-0.093699
4.1800,0.770140,-0.074391,0.927689,0.785496,-0.011901,0.015357,0.062490
4.1900,0.769396,-0.142617,0.671046,0.752200,-0.168751,-0.017196,-0.026134
4.2000,0.767969,-0.210723,0.825735,0.772342,-0.178029,0.004372,0.032694
4.2100,0.765862,-0.278660,0.648035,0.735003,-0.340149,-0.030859,-0.061489
4.2200,0.763076,-0.346380,0.902521,0.781206,-0.274724,0.018130,0.071656
4.2300,0.759612,-0.413835,0.881940,0.808491,-0.264242,0.048879,0.149593
4.2400,0.755473,-0.480977,0.907286,0.835288,-0.257135,0.079815,0.223842
4.2500,0.750664,-0.547757,0.637696,0.776115,-0.479363,0.025451,0.068394
4.2600,0.745186,-0.614125,0.752217,0.765776,-0.562268,0.020590,0.051857
4.2700,0.739045,-0.680034,0.785600,0.767540,-0.610174,0.028495,0.069860
4.2800,0.732245,-0.745432,0.586635,0.710700,-0.811763,-0.021544,-0.066331
4.2900,0.724790,-0.810271,0.729266,0.710328,-0.854507,-0.014463,-0.044236
4.3000,0.716688,-0.874499,0.648903,0.686435,-0.958092,-0.030253,-0.083594
4.3100,0.707943,-0.938065,0.634391,0.664530,-1.051771,-0.043413,-0.113706
4.3200,0.698562,-1.000919,0.718372,0.672690,-1.062072,-0.025872,-0.061153
4.3300,0.688553,-1.063007,0.820132,0.707939,-1.001529,0.019386,0.061478
4.3400,0.677923,-1.124279,0.762199,0.716575,-1.015270,0.038652,0.109009
4.3500,0.666680,-1.184681,0.887664,0.759014,-0.940349,0.092334,0.244332
4.3600,0.654833,-1.244159,0.561699,0.695084,-1.150488,0.040251,0.093672
4.3700,0.642391,-1.302661,0.609223,0.662002,-1.268948,0.019611,0.033713
4.3800,0.629365,-1.360131,0.576149,0.628082,-1.383803,-0.001283,-0.023672
4.3900,0.615764,-1.416516,0.604132,0.611310,-1.447768,-0.004454,-0.031252
4.4000,0.601598,-1.471760,0.590004,0.594851,-1.507821,-0.006747,-0.036061
4.4100,0.586881,-1.525809,0.562703,0.574820,-1.574266,-0.012061,-0.048457
4.4200,0.571623,-1.578608,0.620916,0.577018,-1.579059,0.005396,-0.000451
4.4300,0.555837,-1.630101,0.540062,0.555088,-1.647060,-0.000749,-0.016959
4.4400,0.539536,-1.680234,0.550988,0.542206,-1.687732,0.002670,-0.007499
4.4500,0.522733,-1.728951,0.525056,0.525249,-1.736873,0.002516,-0.007922
4.4600,0.505444,-1.776198,0.458933,0.493682,-1.821389,-0.011762,-0.045190
4.4700,0.487682,-1.821922,0.433671,0.463345,-1.897672,-0.024337,-0.075750
4.4800,0.469463,-1.866068,0.345398,0.415662,-2.014406,-0.053800,-0.148339
4.4900,0.450802,-1.908583,0.584040,0.450195,-1.909732,-0.000607,-0.001149
4.5000,0.431716,-1.949415,0.424979,0.429323,-1.955125,-0.002393,-0.005710
4.5100,0.412222,-1.988514,0.271252,0.369601,-2.098426,-0.042620,-0.109913
4.5200,0.392337,-2.025828,0.358915,0.351603,-2.124011,-0.040733,-0.098183
4.5300,0.372078,-2.061311,0.377187,0.343941,-2.120444,-0.028138,-0.059133
4.5400,0.351465,-2.094914,0.312060,0.319641,-2.159429,-0.031825,-0.064515
4.5500,0.330516,-2.126593,0.380403,0.321926,-2.126217,-0.008591,0.000375
4.5600,0.309250,-2.156302,0.228384,0.279707,-2.209412,-0.029543,-0.053110
4.5700,0.287687,-2.184002,0.400161,0.298942,-2.127298,0.011254,0.056705
4.5800,0.265847,-2.209653,0.163034,0.244434,-2.240076,-0.021413,-0.030423
4.5900,0.243751,-2.233217,0.177908,0.209241,-2.294666,-0.034510,-0.061449
4.6000,0.221419,-2.254659,0.194148,0.188571,-2.306862,-0.032847,-0.052203
4.6100,0.198872,-2.273949,0.187154,0.171779,-2.306726,-0.027093,-0.032778
4.6200,0.176132,-2.291056,0.205821,0.165267,-2.278428,-0.010865,0.012628
4.6300,0.153222,-2.305954,0.060112,0.118605,-2.353944,-0.034617,-0.047990
4.6400,0.130162,-2.318621,0.133021,0.106068,-2.334799,-0.024095,-0.016179
4.6500,0.106976,-2.329035,0.180382,0.111029,-2.269796,0.004053,0.059239
4.6600,0.083686,-2.337180,0.060261,0.080195,-2.299390,-0.003491,0.037790
4.6700,0.060314,-2.343043,0.122940,0.076256,-2.255791,0.015942,0.087252
4.6800,0.036884,-2.346613,-0.037055,0.027393,-2.328865,-0.009491,0.017748
4.6900,0.013417,-2.347884,-0.066147,-0.016259,-2.381745,-0.029676,-0.033861
4.7000,-0.010061,-2.346852,0.064241,-0.009840,-2.299783,0.000222,0.047069
4.7100,-0.033530,-2.343518,-0.059871,-0.040673,-2.316727,-0.007143,0.026791
4.7200,-0.056965,-2.337886,-0.149590,-0.088695,-2.374526,-0.031730,-0.036640
4.7300,-0.080344,-2.329963,0.011441,-0.076533,-2.270839,0.003811,0.059124
4.7400,-0.103644,-2.319760,-0.123307,-0.106217,-2.279062,-0.002573,0.040698
4.7500,-0.126841,-2.307291,-0.091026,-0.117998,-2.237978,0.008843,0.069313
4.7600,-0.149914,-2.292574,-0.155222,-0.144681,-2.235294,0.005233,0.057280
4.7700,-0.172840,-2.275630,-0.078281,-0.141308,-2.152515,0.031532,0.123115
4.7800,-0.195596,-2.256483,-0.151846,-0.159648,-2.128325,0.035948,0.128158
4.7900,-0.218161,-2.235160,-0.273303,-0.207707,-2.179735,0.010454,0.055425
4.8000,-0.240513,-2.211693,-0.213313,-0.224811,-2.145203,0.015702,0.066490
4.8100,-0.262629,-2.186114,-0.387313,-0.287149,-2.226842,-0.024520,-0.040728
4.8200,-0.284491,-2.158459,-0.231871,-0.286939,-2.138702,-0.002448,0.019757
4.8300,-0.306075,-2.128767,-0.435900,-0.345308,-2.204481,-0.039233,-0.075714
4.8400,-0.327363,-2.097079,-0.394610,-0.375254,-2.189533,-0.047892,-0.092454
4.8500,-0.348334,-2.063438,-0.513165,-0.430783,-2.238560,-0.082450,-0.175122
4.8600,-0.368968,-2.027890,-0.336062,-0.419217,-2.107252,-0.050249,-0.079362
4.8700,-0.389247,-1.990482,-0.335524,-0.409914,-1.986331,-0.020667,0.004151
4.8800,-0.409152,-1.951263,-0.508029,-0.452467,-2.004194,-0.043315,-0.052931
4.8900,-0.428664,-1.910285,-0.386610,-0.447601,-1.894545,-0.018937,0.015740
4.9000,-0.447767,-1.867599,-0.496415,-0.475208,-1.872721,-0.027441,-0.005122
4.9100,-0.466443,-1.823258,-0.436161,-0.477182,-1.782358,-0.010738,0.040900
4.9200,-0.484676,-1.777318,-0.458954,-0.484551,-1.708295,0.000125,0.069023
4.9300,-0.502449,-1.729834,-0.452355,-0.487343,-1.623660,0.015106,0.106174
4.9400,-0.519747,-1.680862,-0.482406,-0.497439,-1.560097,0.022309,0.120765
4.9500,-0.536556,-1.630458,-0.638653,-0.549470,-1.606694,-0.012914,0.023765
4.9600,-0.552861,-1.578681,-0.587383,-0.571872,-1.570388,-0.019012,0.008293
4.9700,-0.568647,-1.525588,-0.667939,-0.610884,-1.576603,-0.042237,-0.051014
4.9800,-0.583903,-1.471236,-0.555220,-0.605932,-1.464576,-0.022029,0.006661
4.9900,-0.598616,-1.415684,-0.557368,-0.602243,-1.359254,-0.003627,0.056430
